<?xml version="1.0" encoding="UTF-8"?>

<ValueSet xmlns="http://hl7.org/fhir">
  <id value="IMMZ.C.DE5"/>
  <text>
    <status value="extensions"/><div xmlns="http://www.w3.org/1999/xhtml"><ul><li>Include these codes as defined in <a href="CodeSystem-IMMZ.C.html"><code>http://moh.Patland/ig/smart-immunizations-measles/CodeSystem/IMMZ.C</code></a><table class="none"><tr><td style="white-space:nowrap"><b>Code</b></td><td><b>Display</b></td><td><b>Definition</b></td></tr><tr><td><a href="CodeSystem-IMMZ.C.html#IMMZ.C-DE6">DE6</a></td><td>Male</td><td>Client's biological sex is male</td></tr><tr><td><a href="CodeSystem-IMMZ.C.html#IMMZ.C-DE7">DE7</a></td><td>Female</td><td>Client's biological sex is female</td></tr><tr><td><a href="CodeSystem-IMMZ.C.html#IMMZ.C-DE8">DE8</a></td><td>Biological sex not specified</td><td>Client's biological sex is not specified</td></tr></table></li></ul></div>
  </text>
  <url value="http://moh.Patland/ig/smart-immunizations-measles/ValueSet/IMMZ.C.DE5"/>
  <version value="0.1.0"/>
  <name value="IMMZ_C_DE5"/>
  <title value="IMMZ.C.DE5 ValueSet for Sex"/>
  <status value="active"/>
  <experimental value="false"/>
  <date value="2023-10-25T14:10:43+00:00"/>
  <publisher value="MoH PatLand"/>
  <contact>
    <name value="MoH PatLand"/>
    <telecom>
      <system value="url"/>
      <value value="http://who.int"/>
    </telecom>
  </contact>
  <description value="ValueSet for Sex for IMMZ.C.DE5."/>
  <compose>
    <include>
      <system value="http://moh.Patland/ig/smart-immunizations-measles/CodeSystem/IMMZ.C"/>
      <concept>
        <code value="DE6"/>
        <display value="Male"/>
      </concept>
      <concept>
        <code value="DE7"/>
        <display value="Female"/>
      </concept>
      <concept>
        <code value="DE8"/>
        <display value="Biological sex not specified"/>
      </concept>
    </include>
  </compose>
</ValueSet>