{"resourceType":"ActivityDefinition","id":"IMMZD2DTMeaslesEval","meta":{"profile":["http://hl7.org/fhir/uv/cpg/StructureDefinition/cpg-servicerequestactivity"]},"extension":[{"url":"http://hl7.org/fhir/uv/cpg/StructureDefinition/cpg-knowledgeCapability","valueCode":"computable"}],"url":"http://moh.Patland/ig/smart-immunizations-measles/ActivityDefinition/IMMZD2DTMeaslesEval","version":"0.1.0","name":"IMMZD2DTMeaslesContraindicationEvaluation","title":"IMMZ.D2.DT.Measles.Eval","status":"draft","experimental":false,"date":"2023-10-03","publisher":"MoH PatLand","contact":[{"name":"MoH PatLand","telecom":[{"system":"url","value":"http://who.int"}]}],"description":"Provide measles immunization","library":["http://smart.who.int/ig/smart-immunizations-measles/Library/IMMZD2DTMeasles"],"kind":"ServiceRequest","profile":"http://hl7.org/fhir/uv/cpg/StructureDefinition/cpg-servicerequest","intent":"proposal","doNotPerform":false,"dynamicValue":[{"path":"code.coding","expression":{"description":"Measles Code","language":"text/cql","expression":"Code { system: 'http://hl7.org/fhir/sid/icd-11', code: 'XM28X5' }"}}]}