{"resourceType":"ImplementationGuide","id":"PatLand-who.fhir.smart-immunizations-measles","meta":{"profile":["http://smart.who.int/ig/smart-base/ImplementationGuide-SGImplementationGuide"]},"text":{"status":"extensions","div":"<div xmlns=\"http://www.w3.org/1999/xhtml\"><h2>SMART</h2><p>The official URL for this implementation guide is: </p><pre>http://moh.Patland/ig/smart-immunizations-measles/ImplementationGuide/PatLand-who.fhir.smart-immunizations-measles</pre></div>"},"url":"http://moh.Patland/ig/smart-immunizations-measles/ImplementationGuide/PatLand-who.fhir.smart-immunizations-measles","version":"0.1.0","name":"SMART","status":"draft","date":"2023-10-25T14:10:43+00:00","publisher":"MoH PatLand","contact":[{"name":"MoH PatLand","telecom":[{"system":"url","value":"http://who.int"}]}],"packageId":"PatLand-who.fhir.smart-immunizations-measles","license":"CC-BY-SA-3.0","fhirVersion":["4.0.1"],"dependsOn":[{"id":"hl7tx","extension":[{"url":"http://hl7.org/fhir/tools/StructureDefinition/implementationguide-dependency-comment","valueMarkdown":"Automatically added as a dependency - all IGs depend on HL7 Terminology"}],"uri":"http://terminology.hl7.org/ImplementationGuide/hl7.terminology","packageId":"hl7.terminology.r4","version":"5.3.0"},{"id":"hl7ext","extension":[{"url":"http://hl7.org/fhir/tools/StructureDefinition/implementationguide-dependency-comment","valueMarkdown":"Automatically added as a dependency - all IGs depend on the HL7 Extension Pack"}],"uri":"http://hl7.org/fhir/extensions/ImplementationGuide/hl7.fhir.uv.extensions","packageId":"hl7.fhir.uv.extensions.r4","version":"1.0.0"},{"id":"who_fhir_smart_base","uri":"http://smart.who.int/ig/smart-base/ImplementationGuide/who.fhir.smart-base","packageId":"who.fhir.smart-base","version":"dev"},{"id":"hl7_fhir_uv_sdc","uri":"http://hl7.org/fhir/uv/sdc/ImplementationGuide/hl7.fhir.uv.sdc","packageId":"hl7.fhir.uv.sdc","version":"3.0.0"},{"id":"hl7_fhir_uv_cpg","uri":"http://hl7.org/fhir/uv/cpg/ImplementationGuide/hl7.fhir.uv.cpg","packageId":"hl7.fhir.uv.cpg","version":"current"},{"id":"hl7_fhir_us_cqfmeasures","uri":"http://hl7.org/fhir/us/cqfmeasures/ImplementationGuide/hl7.fhir.us.cqfmeasures","packageId":"hl7.fhir.us.cqfmeasures","version":"current"}],"definition":{"extension":[{"extension":[{"url":"code","valueString":"copyrightyear"},{"url":"value","valueString":"2023+"}],"url":"http://hl7.org/fhir/tools/StructureDefinition/ig-parameter"},{"extension":[{"url":"code","valueString":"releaselabel"},{"url":"value","valueString":"ci-build"}],"url":"http://hl7.org/fhir/tools/StructureDefinition/ig-parameter"},{"extension":[{"url":"code","valueString":"produce-jekyll-data"},{"url":"value","valueString":"true"}],"url":"http://hl7.org/fhir/tools/StructureDefinition/ig-parameter"},{"extension":[{"url":"code","valueString":"special-url"},{"url":"value","valueString":"http://id.who.int/icd11/mms"}],"url":"http://hl7.org/fhir/tools/StructureDefinition/ig-parameter"},{"extension":[{"url":"code","valueString":"autoload-resources"},{"url":"value","valueString":"true"}],"url":"http://hl7.org/fhir/tools/StructureDefinition/ig-parameter"},{"extension":[{"url":"code","valueString":"path-liquid"},{"url":"value","valueString":"template/liquid"}],"url":"http://hl7.org/fhir/tools/StructureDefinition/ig-parameter"},{"extension":[{"url":"code","valueString":"path-liquid"},{"url":"value","valueString":"input/liquid"}],"url":"http://hl7.org/fhir/tools/StructureDefinition/ig-parameter"},{"extension":[{"url":"code","valueString":"path-qa"},{"url":"value","valueString":"temp/qa"}],"url":"http://hl7.org/fhir/tools/StructureDefinition/ig-parameter"},{"extension":[{"url":"code","valueString":"path-temp"},{"url":"value","valueString":"temp/pages"}],"url":"http://hl7.org/fhir/tools/StructureDefinition/ig-parameter"},{"extension":[{"url":"code","valueString":"path-output"},{"url":"value","valueString":"output"}],"url":"http://hl7.org/fhir/tools/StructureDefinition/ig-parameter"},{"extension":[{"url":"code","valueString":"path-suppressed-warnings"},{"url":"value","valueString":"input/ignoreWarnings.txt"}],"url":"http://hl7.org/fhir/tools/StructureDefinition/ig-parameter"},{"extension":[{"url":"code","valueString":"path-history"},{"url":"value","valueString":"http://moh.Patland/ig/smart-immunizations-measles/history.html"}],"url":"http://hl7.org/fhir/tools/StructureDefinition/ig-parameter"},{"extension":[{"url":"code","valueString":"template-html"},{"url":"value","valueString":"template-page.html"}],"url":"http://hl7.org/fhir/tools/StructureDefinition/ig-parameter"},{"extension":[{"url":"code","valueString":"template-md"},{"url":"value","valueString":"template-page-md.html"}],"url":"http://hl7.org/fhir/tools/StructureDefinition/ig-parameter"},{"extension":[{"url":"code","valueString":"apply-contact"},{"url":"value","valueString":"true"}],"url":"http://hl7.org/fhir/tools/StructureDefinition/ig-parameter"},{"extension":[{"url":"code","valueString":"apply-context"},{"url":"value","valueString":"true"}],"url":"http://hl7.org/fhir/tools/StructureDefinition/ig-parameter"},{"extension":[{"url":"code","valueString":"apply-copyright"},{"url":"value","valueString":"true"}],"url":"http://hl7.org/fhir/tools/StructureDefinition/ig-parameter"},{"extension":[{"url":"code","valueString":"apply-jurisdiction"},{"url":"value","valueString":"true"}],"url":"http://hl7.org/fhir/tools/StructureDefinition/ig-parameter"},{"extension":[{"url":"code","valueString":"apply-license"},{"url":"value","valueString":"true"}],"url":"http://hl7.org/fhir/tools/StructureDefinition/ig-parameter"},{"extension":[{"url":"code","valueString":"apply-publisher"},{"url":"value","valueString":"true"}],"url":"http://hl7.org/fhir/tools/StructureDefinition/ig-parameter"},{"extension":[{"url":"code","valueString":"apply-version"},{"url":"value","valueString":"true"}],"url":"http://hl7.org/fhir/tools/StructureDefinition/ig-parameter"},{"extension":[{"url":"code","valueString":"apply-wg"},{"url":"value","valueString":"true"}],"url":"http://hl7.org/fhir/tools/StructureDefinition/ig-parameter"},{"extension":[{"url":"code","valueString":"active-tables"},{"url":"value","valueString":"true"}],"url":"http://hl7.org/fhir/tools/StructureDefinition/ig-parameter"},{"extension":[{"url":"code","valueString":"fmm-definition"},{"url":"value","valueString":"http://hl7.org/fhir/versions.html#maturity"}],"url":"http://hl7.org/fhir/tools/StructureDefinition/ig-parameter"},{"extension":[{"url":"code","valueString":"propagate-status"},{"url":"value","valueString":"true"}],"url":"http://hl7.org/fhir/tools/StructureDefinition/ig-parameter"},{"extension":[{"url":"code","valueString":"excludelogbinaryformat"},{"url":"value","valueString":"true"}],"url":"http://hl7.org/fhir/tools/StructureDefinition/ig-parameter"},{"extension":[{"url":"code","valueString":"tabbed-snapshots"},{"url":"value","valueString":"true"}],"url":"http://hl7.org/fhir/tools/StructureDefinition/ig-parameter"},{"url":"http://hl7.org/fhir/tools/StructureDefinition/ig-internal-dependency","valueCode":"hl7.fhir.uv.tools#current"},{"extension":[{"url":"code","valueCode":"copyrightyear"},{"url":"value","valueString":"2023+"}],"url":"http://hl7.org/fhir/tools/StructureDefinition/ig-parameter"},{"extension":[{"url":"code","valueCode":"releaselabel"},{"url":"value","valueString":"ci-build"}],"url":"http://hl7.org/fhir/tools/StructureDefinition/ig-parameter"},{"extension":[{"url":"code","valueCode":"produce-jekyll-data"},{"url":"value","valueString":"true"}],"url":"http://hl7.org/fhir/tools/StructureDefinition/ig-parameter"},{"extension":[{"url":"code","valueCode":"special-url"},{"url":"value","valueString":"http://id.who.int/icd11/mms"}],"url":"http://hl7.org/fhir/tools/StructureDefinition/ig-parameter"},{"extension":[{"url":"code","valueCode":"autoload-resources"},{"url":"value","valueString":"true"}],"url":"http://hl7.org/fhir/tools/StructureDefinition/ig-parameter"},{"extension":[{"url":"code","valueCode":"path-liquid"},{"url":"value","valueString":"template/liquid"}],"url":"http://hl7.org/fhir/tools/StructureDefinition/ig-parameter"},{"extension":[{"url":"code","valueCode":"path-liquid"},{"url":"value","valueString":"input/liquid"}],"url":"http://hl7.org/fhir/tools/StructureDefinition/ig-parameter"},{"extension":[{"url":"code","valueCode":"path-qa"},{"url":"value","valueString":"temp/qa"}],"url":"http://hl7.org/fhir/tools/StructureDefinition/ig-parameter"},{"extension":[{"url":"code","valueCode":"path-temp"},{"url":"value","valueString":"temp/pages"}],"url":"http://hl7.org/fhir/tools/StructureDefinition/ig-parameter"},{"extension":[{"url":"code","valueCode":"path-output"},{"url":"value","valueString":"output"}],"url":"http://hl7.org/fhir/tools/StructureDefinition/ig-parameter"},{"extension":[{"url":"code","valueCode":"path-suppressed-warnings"},{"url":"value","valueString":"input/ignoreWarnings.txt"}],"url":"http://hl7.org/fhir/tools/StructureDefinition/ig-parameter"},{"extension":[{"url":"code","valueCode":"path-history"},{"url":"value","valueString":"http://moh.Patland/ig/smart-immunizations-measles/history.html"}],"url":"http://hl7.org/fhir/tools/StructureDefinition/ig-parameter"},{"extension":[{"url":"code","valueCode":"template-html"},{"url":"value","valueString":"template-page.html"}],"url":"http://hl7.org/fhir/tools/StructureDefinition/ig-parameter"},{"extension":[{"url":"code","valueCode":"template-md"},{"url":"value","valueString":"template-page-md.html"}],"url":"http://hl7.org/fhir/tools/StructureDefinition/ig-parameter"},{"extension":[{"url":"code","valueCode":"apply-contact"},{"url":"value","valueString":"true"}],"url":"http://hl7.org/fhir/tools/StructureDefinition/ig-parameter"},{"extension":[{"url":"code","valueCode":"apply-context"},{"url":"value","valueString":"true"}],"url":"http://hl7.org/fhir/tools/StructureDefinition/ig-parameter"},{"extension":[{"url":"code","valueCode":"apply-copyright"},{"url":"value","valueString":"true"}],"url":"http://hl7.org/fhir/tools/StructureDefinition/ig-parameter"},{"extension":[{"url":"code","valueCode":"apply-jurisdiction"},{"url":"value","valueString":"true"}],"url":"http://hl7.org/fhir/tools/StructureDefinition/ig-parameter"},{"extension":[{"url":"code","valueCode":"apply-license"},{"url":"value","valueString":"true"}],"url":"http://hl7.org/fhir/tools/StructureDefinition/ig-parameter"},{"extension":[{"url":"code","valueCode":"apply-publisher"},{"url":"value","valueString":"true"}],"url":"http://hl7.org/fhir/tools/StructureDefinition/ig-parameter"},{"extension":[{"url":"code","valueCode":"apply-version"},{"url":"value","valueString":"true"}],"url":"http://hl7.org/fhir/tools/StructureDefinition/ig-parameter"},{"extension":[{"url":"code","valueCode":"apply-wg"},{"url":"value","valueString":"true"}],"url":"http://hl7.org/fhir/tools/StructureDefinition/ig-parameter"},{"extension":[{"url":"code","valueCode":"active-tables"},{"url":"value","valueString":"true"}],"url":"http://hl7.org/fhir/tools/StructureDefinition/ig-parameter"},{"extension":[{"url":"code","valueCode":"fmm-definition"},{"url":"value","valueString":"http://hl7.org/fhir/versions.html#maturity"}],"url":"http://hl7.org/fhir/tools/StructureDefinition/ig-parameter"},{"extension":[{"url":"code","valueCode":"propagate-status"},{"url":"value","valueString":"true"}],"url":"http://hl7.org/fhir/tools/StructureDefinition/ig-parameter"},{"extension":[{"url":"code","valueCode":"excludelogbinaryformat"},{"url":"value","valueString":"true"}],"url":"http://hl7.org/fhir/tools/StructureDefinition/ig-parameter"},{"extension":[{"url":"code","valueCode":"tabbed-snapshots"},{"url":"value","valueString":"true"}],"url":"http://hl7.org/fhir/tools/StructureDefinition/ig-parameter"},{"extension":[{"url":"code","valueCode":"copyrightyear"},{"url":"value","valueString":"2023+"}],"url":"http://hl7.org/fhir/tools/StructureDefinition/ig-parameter"},{"extension":[{"url":"code","valueCode":"releaselabel"},{"url":"value","valueString":"ci-build"}],"url":"http://hl7.org/fhir/tools/StructureDefinition/ig-parameter"},{"extension":[{"url":"code","valueCode":"produce-jekyll-data"},{"url":"value","valueString":"true"}],"url":"http://hl7.org/fhir/tools/StructureDefinition/ig-parameter"},{"extension":[{"url":"code","valueCode":"special-url"},{"url":"value","valueString":"http://id.who.int/icd11/mms"}],"url":"http://hl7.org/fhir/tools/StructureDefinition/ig-parameter"},{"extension":[{"url":"code","valueCode":"autoload-resources"},{"url":"value","valueString":"true"}],"url":"http://hl7.org/fhir/tools/StructureDefinition/ig-parameter"},{"extension":[{"url":"code","valueCode":"path-liquid"},{"url":"value","valueString":"template/liquid"}],"url":"http://hl7.org/fhir/tools/StructureDefinition/ig-parameter"},{"extension":[{"url":"code","valueCode":"path-liquid"},{"url":"value","valueString":"input/liquid"}],"url":"http://hl7.org/fhir/tools/StructureDefinition/ig-parameter"},{"extension":[{"url":"code","valueCode":"path-qa"},{"url":"value","valueString":"temp/qa"}],"url":"http://hl7.org/fhir/tools/StructureDefinition/ig-parameter"},{"extension":[{"url":"code","valueCode":"path-temp"},{"url":"value","valueString":"temp/pages"}],"url":"http://hl7.org/fhir/tools/StructureDefinition/ig-parameter"},{"extension":[{"url":"code","valueCode":"path-output"},{"url":"value","valueString":"output"}],"url":"http://hl7.org/fhir/tools/StructureDefinition/ig-parameter"},{"extension":[{"url":"code","valueCode":"path-suppressed-warnings"},{"url":"value","valueString":"input/ignoreWarnings.txt"}],"url":"http://hl7.org/fhir/tools/StructureDefinition/ig-parameter"},{"extension":[{"url":"code","valueCode":"path-history"},{"url":"value","valueString":"http://moh.Patland/ig/smart-immunizations-measles/history.html"}],"url":"http://hl7.org/fhir/tools/StructureDefinition/ig-parameter"},{"extension":[{"url":"code","valueCode":"template-html"},{"url":"value","valueString":"template-page.html"}],"url":"http://hl7.org/fhir/tools/StructureDefinition/ig-parameter"},{"extension":[{"url":"code","valueCode":"template-md"},{"url":"value","valueString":"template-page-md.html"}],"url":"http://hl7.org/fhir/tools/StructureDefinition/ig-parameter"},{"extension":[{"url":"code","valueCode":"apply-contact"},{"url":"value","valueString":"true"}],"url":"http://hl7.org/fhir/tools/StructureDefinition/ig-parameter"},{"extension":[{"url":"code","valueCode":"apply-context"},{"url":"value","valueString":"true"}],"url":"http://hl7.org/fhir/tools/StructureDefinition/ig-parameter"},{"extension":[{"url":"code","valueCode":"apply-copyright"},{"url":"value","valueString":"true"}],"url":"http://hl7.org/fhir/tools/StructureDefinition/ig-parameter"},{"extension":[{"url":"code","valueCode":"apply-jurisdiction"},{"url":"value","valueString":"true"}],"url":"http://hl7.org/fhir/tools/StructureDefinition/ig-parameter"},{"extension":[{"url":"code","valueCode":"apply-license"},{"url":"value","valueString":"true"}],"url":"http://hl7.org/fhir/tools/StructureDefinition/ig-parameter"},{"extension":[{"url":"code","valueCode":"apply-publisher"},{"url":"value","valueString":"true"}],"url":"http://hl7.org/fhir/tools/StructureDefinition/ig-parameter"},{"extension":[{"url":"code","valueCode":"apply-version"},{"url":"value","valueString":"true"}],"url":"http://hl7.org/fhir/tools/StructureDefinition/ig-parameter"},{"extension":[{"url":"code","valueCode":"apply-wg"},{"url":"value","valueString":"true"}],"url":"http://hl7.org/fhir/tools/StructureDefinition/ig-parameter"},{"extension":[{"url":"code","valueCode":"active-tables"},{"url":"value","valueString":"true"}],"url":"http://hl7.org/fhir/tools/StructureDefinition/ig-parameter"},{"extension":[{"url":"code","valueCode":"fmm-definition"},{"url":"value","valueString":"http://hl7.org/fhir/versions.html#maturity"}],"url":"http://hl7.org/fhir/tools/StructureDefinition/ig-parameter"},{"extension":[{"url":"code","valueCode":"propagate-status"},{"url":"value","valueString":"true"}],"url":"http://hl7.org/fhir/tools/StructureDefinition/ig-parameter"},{"extension":[{"url":"code","valueCode":"excludelogbinaryformat"},{"url":"value","valueString":"true"}],"url":"http://hl7.org/fhir/tools/StructureDefinition/ig-parameter"},{"extension":[{"url":"code","valueCode":"tabbed-snapshots"},{"url":"value","valueString":"true"}],"url":"http://hl7.org/fhir/tools/StructureDefinition/ig-parameter"}],"grouping":[{"id":"-ka-activitydefinition","name":"Knowledge Artifacts: Activity Definitions","description":"These define activities that can be performed as part of content in this implementation guide."},{"id":"-ka-plandefinition","name":"Knowledge Artifacts: Plan Definitions","description":"These define workflows, rules, strategies, or protocols as part of content in this implementation guide."},{"id":"-ka-library","name":"Knowledge Artifacts: Libraries","description":"These define logic, asset collections and other libraries as part of content in this implementation guide."},{"id":"-str-logicalmodel","name":"Structures: Logical Models","description":"These define data models that represent the domain covered by this implementation guide in more business-friendly terms than the underlying FHIR resources."},{"id":"-str-questionnaire","name":"Structures: Questionnaires","description":"These define forms used by systems conforming to this implementation guide to capture or expose data to end users."},{"id":"-str-profile","name":"Structures: Resource Profiles","description":"These define constraints on FHIR resources for systems conforming to this implementation guide."},{"id":"-str-extension","name":"Structures: Extension Definitions","description":"These define constraints on FHIR data types for systems conforming to this implementation guide."},{"id":"-term-valueset","name":"Terminology: Value Sets","description":"These define sets of codes used by systems conforming to this implementation guide."},{"id":"-term-codesystem","name":"Terminology: Code Systems","description":"These define new code systems used by systems conforming to this implementation guide."},{"id":"-map-structuremap","name":"Terminology: Structure Maps","description":"These define transformations to convert between data structures used by systems conforming to this implementation guide."},{"id":"-map-conceptmap","name":"Terminology: Concept Maps","description":"These define transformations to convert between codes by systems conforming with this implementation guide."},{"id":"-ex-example","name":"Example: Example Instances","description":"These are example instances that show what data produced and consumed by systems conforming with this implementation guide might look like."},{"id":"-other","name":"Other","description":"These are resources that are used within this implementation guide that do not fit into one of the other categories."}],"resource":[{"extension":[{"url":"http://hl7.org/fhir/tools/StructureDefinition/resource-sort","valueInteger":999999999},{"url":"http://hl7.org/fhir/StructureDefinition/implementationguide-page","valueUri":"ActivityDefinition-IMMZD2DTMeaslesCIMR.html"}],"reference":{"reference":"ActivityDefinition/IMMZD2DTMeaslesCIMR"},"name":"IMMZ.D2.DT.Measles.Contraindication","description":"Provide measles immunization","exampleBoolean":false,"groupingId":"-ka-activitydefinition"},{"extension":[{"url":"http://hl7.org/fhir/tools/StructureDefinition/resource-sort","valueInteger":999999999},{"url":"http://hl7.org/fhir/StructureDefinition/implementationguide-page","valueUri":"ActivityDefinition-IMMZD2DTMeaslesEval.html"}],"reference":{"reference":"ActivityDefinition/IMMZD2DTMeaslesEval"},"name":"IMMZ.D2.DT.Measles.Eval","description":"Provide measles immunization","exampleBoolean":false,"groupingId":"-ka-activitydefinition"},{"extension":[{"url":"http://hl7.org/fhir/tools/StructureDefinition/resource-sort","valueInteger":999999999},{"url":"http://hl7.org/fhir/StructureDefinition/implementationguide-page","valueUri":"ActivityDefinition-IMMZD2DTMeaslesMR.html"}],"reference":{"reference":"ActivityDefinition/IMMZD2DTMeaslesMR"},"name":"IMMZ.D2.DT.Measles.MR","description":"Provide measles immunization","exampleBoolean":false,"groupingId":"-ka-activitydefinition"},{"extension":[{"url":"http://hl7.org/fhir/tools/StructureDefinition/resource-sort","valueInteger":999999999},{"url":"http://hl7.org/fhir/StructureDefinition/implementationguide-page","valueUri":"PlanDefinition-IMMZD2DTMeasles.html"}],"reference":{"reference":"PlanDefinition/IMMZD2DTMeasles"},"name":"IMMZ.D2.DT.Measles","description":"If the child or patient has not been given MCV1 (at 9 months) and MCV2 (between 15-18 months) vaccination","exampleBoolean":false,"groupingId":"-ka-plandefinition"},{"extension":[{"url":"http://hl7.org/fhir/tools/StructureDefinition/resource-sort","valueInteger":999999999},{"url":"http://hl7.org/fhir/StructureDefinition/implementationguide-page","valueUri":"PlanDefinition-IMMZD2DTMeaslesCI.html"}],"reference":{"reference":"PlanDefinition/IMMZD2DTMeaslesCI"},"name":"IMMZ.D2.DT.Measles.Contraindication","description":"Check contraindications for Measles vaccine","exampleBoolean":false,"groupingId":"-ka-plandefinition"},{"extension":[{"url":"http://hl7.org/fhir/tools/StructureDefinition/resource-sort","valueInteger":999999999},{"url":"http://hl7.org/fhir/StructureDefinition/implementationguide-page","valueUri":"PlanDefinition-IMMZDTUmbrella.html"}],"reference":{"reference":"PlanDefinition/IMMZDTUmbrella"},"name":"IMMZ.DT.Umbrella","description":"If the child or patient has not been given MCV1 (at 9 months) and MCV2 (between 15-18 months) vaccination","exampleBoolean":false,"groupingId":"-ka-plandefinition"},{"extension":[{"url":"http://hl7.org/fhir/tools/StructureDefinition/resource-sort","valueInteger":999999999},{"url":"http://hl7.org/fhir/StructureDefinition/implementationguide-page","valueUri":"Library-FHIRCommon.html"}],"reference":{"reference":"Library/FHIRCommon"},"name":"FHIRCommon","exampleBoolean":false,"groupingId":"-ka-library"},{"extension":[{"url":"http://hl7.org/fhir/tools/StructureDefinition/resource-sort","valueInteger":999999999},{"url":"http://hl7.org/fhir/StructureDefinition/implementationguide-page","valueUri":"Library-FHIRHelpers.html"}],"reference":{"reference":"Library/FHIRHelpers"},"name":"FHIRHelpers","exampleBoolean":false,"groupingId":"-ka-library"},{"extension":[{"url":"http://hl7.org/fhir/tools/StructureDefinition/resource-sort","valueInteger":999999999},{"url":"http://hl7.org/fhir/StructureDefinition/implementationguide-page","valueUri":"Library-IMMZCommon.html"}],"reference":{"reference":"Library/IMMZCommon"},"name":"IMMZCommon","exampleBoolean":false,"groupingId":"-ka-library"},{"extension":[{"url":"http://hl7.org/fhir/tools/StructureDefinition/resource-sort","valueInteger":999999999},{"url":"http://hl7.org/fhir/StructureDefinition/implementationguide-page","valueUri":"Library-IMMZCommonIzDataElements.html"}],"reference":{"reference":"Library/IMMZCommonIzDataElements"},"name":"IMMZCommonIzDataElements","exampleBoolean":false,"groupingId":"-ka-library"},{"extension":[{"url":"http://hl7.org/fhir/tools/StructureDefinition/resource-sort","valueInteger":999999999},{"url":"http://hl7.org/fhir/StructureDefinition/implementationguide-page","valueUri":"Library-IMMZConcepts.html"}],"reference":{"reference":"Library/IMMZConcepts"},"name":"IMMZConcepts","exampleBoolean":false,"groupingId":"-ka-library"},{"extension":[{"url":"http://hl7.org/fhir/tools/StructureDefinition/resource-sort","valueInteger":999999999},{"url":"http://hl7.org/fhir/StructureDefinition/implementationguide-page","valueUri":"Library-IMMZConfig.html"}],"reference":{"reference":"Library/IMMZConfig"},"name":"IMMZConfig","exampleBoolean":false,"groupingId":"-ka-library"},{"extension":[{"url":"http://hl7.org/fhir/tools/StructureDefinition/resource-sort","valueInteger":999999999},{"url":"http://hl7.org/fhir/StructureDefinition/implementationguide-page","valueUri":"Library-IMMZD2DTMeasles.html"}],"reference":{"reference":"Library/IMMZD2DTMeasles"},"name":"IMMZD2DTMeasles","exampleBoolean":false,"groupingId":"-ka-library"},{"extension":[{"url":"http://hl7.org/fhir/tools/StructureDefinition/resource-sort","valueInteger":999999999},{"url":"http://hl7.org/fhir/StructureDefinition/implementationguide-page","valueUri":"Library-IMMZDT08.html"}],"reference":{"reference":"Library/IMMZDT08"},"name":"IMMZDT08","exampleBoolean":false,"groupingId":"-ka-library"},{"extension":[{"url":"http://hl7.org/fhir/tools/StructureDefinition/resource-sort","valueInteger":999999999},{"url":"http://hl7.org/fhir/StructureDefinition/implementationguide-page","valueUri":"Library-IMMZINDMeasles.html"}],"reference":{"reference":"Library/IMMZINDMeasles"},"name":"IMMZINDMeasles","exampleBoolean":false,"groupingId":"-ka-library"},{"extension":[{"url":"http://hl7.org/fhir/tools/StructureDefinition/resource-sort","valueInteger":999999999},{"url":"http://hl7.org/fhir/StructureDefinition/implementationguide-page","valueUri":"Library-IMMZIndicatorCommon.html"}],"reference":{"reference":"Library/IMMZIndicatorCommon"},"name":"IMMZIndicatorCommon","exampleBoolean":false,"groupingId":"-ka-library"},{"extension":[{"url":"http://hl7.org/fhir/tools/StructureDefinition/resource-sort","valueInteger":999999999},{"url":"http://hl7.org/fhir/StructureDefinition/implementationguide-page","valueUri":"Library-IMMZVaccineLibrary.html"}],"reference":{"reference":"Library/IMMZVaccineLibrary"},"name":"IMMZVaccineLibrary","exampleBoolean":false,"groupingId":"-ka-library"},{"extension":[{"url":"http://hl7.org/fhir/tools/StructureDefinition/resource-sort","valueInteger":999999999},{"url":"http://hl7.org/fhir/StructureDefinition/implementationguide-page","valueUri":"Library-WHOCommon.html"}],"reference":{"reference":"Library/WHOCommon"},"name":"WHOCommon","exampleBoolean":false,"groupingId":"-ka-library"},{"extension":[{"url":"http://hl7.org/fhir/tools/StructureDefinition/resource-sort","valueInteger":999999999},{"url":"http://hl7.org/fhir/StructureDefinition/implementationguide-page","valueUri":"Library-WHOConcepts.html"}],"reference":{"reference":"Library/WHOConcepts"},"name":"WHOConcepts","exampleBoolean":false,"groupingId":"-ka-library"},{"extension":[{"url":"http://hl7.org/fhir/tools/StructureDefinition/resource-sort","valueInteger":999999999},{"url":"http://hl7.org/fhir/StructureDefinition/implementationguide-page","valueUri":"StructureDefinition-IMMZCRegisterClient.html"}],"reference":{"reference":"StructureDefinition/IMMZCRegisterClient"},"name":"IMMZ.C Register Client","description":"Data elements for the IMMZ.C Register Client Data Dictionary.","exampleBoolean":false,"groupingId":"-str-logicalmodel"},{"extension":[{"url":"http://hl7.org/fhir/tools/StructureDefinition/resource-sort","valueInteger":999999999},{"url":"http://hl7.org/fhir/StructureDefinition/implementationguide-page","valueUri":"StructureDefinition-IMMZDUpdateVaccinationRecord.html"}],"reference":{"reference":"StructureDefinition/IMMZDUpdateVaccinationRecord"},"name":"IMMZ.D Update Vaccination Record","description":"Data elements for IMMZ.D Update Vaccination Record.","exampleBoolean":false,"groupingId":"-str-logicalmodel"},{"extension":[{"url":"http://hl7.org/fhir/tools/StructureDefinition/resource-sort","valueInteger":999999999},{"url":"http://hl7.org/fhir/StructureDefinition/implementationguide-page","valueUri":"StructureDefinition-IMMZD1ClientHistoryMeasles.html"}],"reference":{"reference":"StructureDefinition/IMMZD1ClientHistoryMeasles"},"name":"IMMZ.D1 Capture Client History for Measles","description":"Data elements for the IMMZ.D1 Capture Client History Data Dictionary for Measles.","exampleBoolean":false,"groupingId":"-str-logicalmodel"},{"extension":[{"url":"http://hl7.org/fhir/tools/StructureDefinition/resource-sort","valueInteger":999999999},{"url":"http://hl7.org/fhir/StructureDefinition/implementationguide-page","valueUri":"StructureDefinition-IMMZD4CheckContraindicationsMeasles.html"}],"reference":{"reference":"StructureDefinition/IMMZD4CheckContraindicationsMeasles"},"name":"IMMZ.D4 Check Contraindications for Measles","description":"Data elements for the IMMZ.D4 Check Contraindications Data Dictionary for Measles.","exampleBoolean":false,"groupingId":"-str-logicalmodel"},{"extension":[{"url":"http://hl7.org/fhir/tools/StructureDefinition/resource-sort","valueInteger":999999999},{"url":"http://hl7.org/fhir/StructureDefinition/implementationguide-page","valueUri":"Questionnaire-AdministerVaccine.html"},{"extension":[{"url":"type","valueCode":"ValueSet"},{"url":"id","valueId":"VSMeaslesVaccineProducts"},{"url":"title","valueString":"ValueSet"},{"url":"description","valueString":"Vaccine Product Codes - representing the codes of the products currently available."}],"url":"http://hl7.org/fhir/tools/StructureDefinition/contained-resource-information"},{"extension":[{"url":"type","valueCode":"ValueSet"},{"url":"id","valueId":"immunization-status"},{"url":"title","valueString":"ValueSet"},{"url":"description","valueString":"The value set to instantiate this attribute should be drawn from a terminologically robust code system that consists of or contains concepts to support describing the current status of the administered dose of vaccine."}],"url":"http://hl7.org/fhir/tools/StructureDefinition/contained-resource-information"}],"reference":{"reference":"Questionnaire/AdministerVaccine"},"name":"Administer Vaccine","description":"Questionnaire for registering the events leading to and including the administration of a vaccine","exampleBoolean":false,"groupingId":"-str-questionnaire"},{"extension":[{"url":"http://hl7.org/fhir/tools/StructureDefinition/resource-sort","valueInteger":999999999},{"url":"http://hl7.org/fhir/StructureDefinition/implementationguide-page","valueUri":"Questionnaire-IMMZD1ClientHistoryMeasles.html"},{"extension":[{"url":"type","valueCode":"ValueSet"},{"url":"id","valueId":"IMMZ.D1.DE10"},{"url":"title","valueString":"ValueSet"},{"url":"description","valueString":"ValueSet for HIV Status for IMMZ.D1.DE10."}],"url":"http://hl7.org/fhir/tools/StructureDefinition/contained-resource-information"}],"reference":{"reference":"Questionnaire/IMMZD1ClientHistoryMeasles"},"name":"Capture Client History Questionnaire","description":"Immunization - Capture Client History Questionnaire","exampleBoolean":false,"groupingId":"-str-questionnaire"},{"extension":[{"url":"http://hl7.org/fhir/tools/StructureDefinition/resource-sort","valueInteger":999999999},{"url":"http://hl7.org/fhir/StructureDefinition/implementationguide-page","valueUri":"Questionnaire-QIMMZD4CheckContraindicationsMeasles.html"},{"extension":[{"url":"type","valueCode":"ValueSet"},{"url":"id","valueId":"IMMZ.D4.DE161"},{"url":"title","valueString":"ValueSet"},{"url":"description","valueString":"ValueSet for Potential Contraindications for IMMZ.D4.DE161."}],"url":"http://hl7.org/fhir/tools/StructureDefinition/contained-resource-information"}],"reference":{"reference":"Questionnaire/QIMMZD4CheckContraindicationsMeasles"},"name":"Check Contraindications Questionnaire","description":"Immunization - Check Contraindications Questionnaire","exampleBoolean":false,"groupingId":"-str-questionnaire"},{"extension":[{"url":"http://hl7.org/fhir/tools/StructureDefinition/resource-sort","valueInteger":999999999},{"url":"http://hl7.org/fhir/StructureDefinition/implementationguide-page","valueUri":"Questionnaire-QIMMZCRegisterClient.html"},{"extension":[{"url":"type","valueCode":"ValueSet"},{"url":"id","valueId":"IMMZ.C.DE5"},{"url":"title","valueString":"ValueSet"},{"url":"description","valueString":"ValueSet for Sex for IMMZ.C.DE5."}],"url":"http://hl7.org/fhir/tools/StructureDefinition/contained-resource-information"}],"reference":{"reference":"Questionnaire/QIMMZCRegisterClient"},"name":"Client Registration Questionnaire","description":"Immunization - Client Registration Questionnaire","exampleBoolean":false,"groupingId":"-str-questionnaire"},{"extension":[{"url":"http://hl7.org/fhir/tools/StructureDefinition/resource-sort","valueInteger":999999999},{"url":"http://hl7.org/fhir/StructureDefinition/implementationguide-page","valueUri":"StructureDefinition-SGImmunization.html"}],"reference":{"reference":"StructureDefinition/SGImmunization"},"name":"SGImmunization","description":"A record of an immunization, with a given product","exampleBoolean":false,"groupingId":"-str-profile"},{"extension":[{"url":"http://hl7.org/fhir/tools/StructureDefinition/resource-sort","valueInteger":999999999},{"url":"http://hl7.org/fhir/StructureDefinition/implementationguide-page","valueUri":"StructureDefinition-SGVaccineProduct.html"}],"reference":{"reference":"StructureDefinition/SGVaccineProduct"},"name":"SGVaccineProduct","description":"A Vaccine product","exampleBoolean":false,"groupingId":"-str-profile"},{"extension":[{"url":"http://hl7.org/fhir/tools/StructureDefinition/resource-sort","valueInteger":999999999},{"url":"http://hl7.org/fhir/StructureDefinition/implementationguide-page","valueUri":"StructureDefinition-SGVaccineProposal.html"}],"reference":{"reference":"StructureDefinition/SGVaccineProposal"},"name":"SGVaccineProposal","description":"An order for immunization (for a disease, not a specific product)","exampleBoolean":false,"groupingId":"-str-profile"},{"extension":[{"url":"http://hl7.org/fhir/tools/StructureDefinition/resource-sort","valueInteger":999999999},{"url":"http://hl7.org/fhir/StructureDefinition/implementationguide-page","valueUri":"StructureDefinition-SGVaccineRequest.html"}],"reference":{"reference":"StructureDefinition/SGVaccineRequest"},"name":"SGVaccineRequest","description":"An order for an actual product","exampleBoolean":false,"groupingId":"-str-profile"},{"extension":[{"url":"http://hl7.org/fhir/tools/StructureDefinition/resource-sort","valueInteger":999999999},{"url":"http://hl7.org/fhir/StructureDefinition/implementationguide-page","valueUri":"StructureDefinition-sg-ext-administeredProduct.html"}],"reference":{"reference":"StructureDefinition/sg-ext-administeredProduct"},"name":"SGAdministeredProduct","description":"The product administered","exampleBoolean":false,"groupingId":"-str-extension"},{"extension":[{"url":"http://hl7.org/fhir/tools/StructureDefinition/resource-sort","valueInteger":999999999},{"url":"http://hl7.org/fhir/StructureDefinition/implementationguide-page","valueUri":"StructureDefinition-SGMedicationClassification.html"}],"reference":{"reference":"StructureDefinition/SGMedicationClassification"},"name":"SGMedicationClassification","description":"Medication Classification.","exampleBoolean":false,"groupingId":"-str-extension"},{"extension":[{"url":"http://hl7.org/fhir/tools/StructureDefinition/resource-sort","valueInteger":999999999},{"url":"http://hl7.org/fhir/StructureDefinition/implementationguide-page","valueUri":"ValueSet-ARVDrugs-values.html"}],"reference":{"reference":"ValueSet/ARVDrugs-values"},"name":"ARV Drugs values","description":"Codes representing ARV Drugs values","exampleBoolean":false,"groupingId":"-term-valueset"},{"extension":[{"url":"http://hl7.org/fhir/tools/StructureDefinition/resource-sort","valueInteger":999999999},{"url":"http://hl7.org/fhir/StructureDefinition/implementationguide-page","valueUri":"ValueSet-Birthweight-values.html"}],"reference":{"reference":"ValueSet/Birthweight-values"},"name":"Birthweight valueset","description":"Codes representing Birthweight values","exampleBoolean":false,"groupingId":"-term-valueset"},{"extension":[{"url":"http://hl7.org/fhir/tools/StructureDefinition/resource-sort","valueInteger":999999999},{"url":"http://hl7.org/fhir/StructureDefinition/implementationguide-page","valueUri":"ValueSet-country.html"}],"reference":{"reference":"ValueSet/country"},"name":"Country ValueSet","description":"This value set defines a base set of codes for countries.   \n\n   Note: The codes for countries are taken from    [ISO 3166](https://www.iso.org/iso-3166-country-codes.html).","exampleBoolean":false,"groupingId":"-term-valueset"},{"extension":[{"url":"http://hl7.org/fhir/tools/StructureDefinition/resource-sort","valueInteger":999999999},{"url":"http://hl7.org/fhir/StructureDefinition/implementationguide-page","valueUri":"ValueSet-HIVstatus-values.html"}],"reference":{"reference":"ValueSet/HIVstatus-values"},"name":"HIV status values","description":"Codes representing HIV status values","exampleBoolean":false,"groupingId":"-term-valueset"},{"extension":[{"url":"http://hl7.org/fhir/tools/StructureDefinition/resource-sort","valueInteger":999999999},{"url":"http://hl7.org/fhir/StructureDefinition/implementationguide-page","valueUri":"ValueSet-IMMZ.C.DE5.html"}],"reference":{"reference":"ValueSet/IMMZ.C.DE5"},"name":"IMMZ.C.DE5 ValueSet for Sex","description":"ValueSet for Sex for IMMZ.C.DE5.","exampleBoolean":false,"groupingId":"-term-valueset"},{"extension":[{"url":"http://hl7.org/fhir/tools/StructureDefinition/resource-sort","valueInteger":999999999},{"url":"http://hl7.org/fhir/StructureDefinition/implementationguide-page","valueUri":"ValueSet-IMMZ.D1.DE1VS.html"}],"reference":{"reference":"ValueSet/IMMZ.D1.DE1VS"},"name":"IMMZ.D1.DE1 CodeSystem for Immunization status","description":"CodeSystem for IMMZ.D1.DE1 Immunization status","exampleBoolean":false,"groupingId":"-term-valueset"},{"extension":[{"url":"http://hl7.org/fhir/tools/StructureDefinition/resource-sort","valueInteger":999999999},{"url":"http://hl7.org/fhir/StructureDefinition/implementationguide-page","valueUri":"ValueSet-IMMZ.D1.DE10.html"}],"reference":{"reference":"ValueSet/IMMZ.D1.DE10"},"name":"IMMZ.D1.DE10 ValueSet for HIV Status","description":"ValueSet for HIV Status for IMMZ.D1.DE10.","exampleBoolean":false,"groupingId":"-term-valueset"},{"extension":[{"url":"http://hl7.org/fhir/tools/StructureDefinition/resource-sort","valueInteger":999999999},{"url":"http://hl7.org/fhir/StructureDefinition/implementationguide-page","valueUri":"ValueSet-IMMZ.D1.DE5VS.html"}],"reference":{"reference":"ValueSet/IMMZ.D1.DE5VS"},"name":"IMMZ.D1.DE5 CodeSystem for Reason Not Done","description":"CodeSystem for IMMZ.D1.DE5 Reason Not Done","exampleBoolean":false,"groupingId":"-term-valueset"},{"extension":[{"url":"http://hl7.org/fhir/tools/StructureDefinition/resource-sort","valueInteger":999999999},{"url":"http://hl7.org/fhir/StructureDefinition/implementationguide-page","valueUri":"ValueSet-IMMZ.D4.DE161.html"}],"reference":{"reference":"ValueSet/IMMZ.D4.DE161"},"name":"IMMZ.D4.DE161 ValueSet for Potential Contraindications","description":"ValueSet for Potential Contraindications for IMMZ.D4.DE161.","exampleBoolean":false,"groupingId":"-term-valueset"},{"extension":[{"url":"http://hl7.org/fhir/tools/StructureDefinition/resource-sort","valueInteger":999999999},{"url":"http://hl7.org/fhir/StructureDefinition/implementationguide-page","valueUri":"ValueSet-IMMZ.Z.DE9.html"}],"reference":{"reference":"ValueSet/IMMZ.Z.DE9"},"name":"IMMZ.Z.DE10 ValueSet for Measles Vaccines","description":"ValueSet for Measles Vaccines for IMMZ.Z.DE9.","exampleBoolean":false,"groupingId":"-term-valueset"},{"extension":[{"url":"http://hl7.org/fhir/tools/StructureDefinition/resource-sort","valueInteger":999999999},{"url":"http://hl7.org/fhir/StructureDefinition/implementationguide-page","valueUri":"ValueSet-immunization-status.html"}],"reference":{"reference":"ValueSet/immunization-status"},"name":"Immunization Status Codes","description":"The value set to instantiate this attribute should be drawn from a terminologically robust code system that consists of or contains concepts to support describing the current status of the administered dose of vaccine.","exampleBoolean":false,"groupingId":"-term-valueset"},{"extension":[{"url":"http://hl7.org/fhir/tools/StructureDefinition/resource-sort","valueInteger":999999999},{"url":"http://hl7.org/fhir/StructureDefinition/implementationguide-page","valueUri":"ValueSet-Immunocompromised-values.html"}],"reference":{"reference":"ValueSet/Immunocompromised-values"},"name":"Immunocompromised valueset","description":"Codes representing Immunocompromised values","exampleBoolean":false,"groupingId":"-term-valueset"},{"extension":[{"url":"http://hl7.org/fhir/tools/StructureDefinition/resource-sort","valueInteger":999999999},{"url":"http://hl7.org/fhir/StructureDefinition/implementationguide-page","valueUri":"ValueSet-VaccineTypes.html"}],"reference":{"reference":"ValueSet/VaccineTypes"},"name":"Measles Vaccine Type ValueSet","description":"Measles Vaccine type Codes, containing the different types of antigens used in vaccine guidelines.","exampleBoolean":false,"groupingId":"-term-valueset"},{"extension":[{"url":"http://hl7.org/fhir/tools/StructureDefinition/resource-sort","valueInteger":999999999},{"url":"http://hl7.org/fhir/StructureDefinition/implementationguide-page","valueUri":"ValueSet-VSMeaslesVaccineProducts.html"}],"reference":{"reference":"ValueSet/VSMeaslesVaccineProducts"},"name":"MeaslesVaccine Products ValueSet","description":"Vaccine Product Codes - representing the codes of the products currently available.","exampleBoolean":false,"groupingId":"-term-valueset"},{"extension":[{"url":"http://hl7.org/fhir/tools/StructureDefinition/resource-sort","valueInteger":999999999},{"url":"http://hl7.org/fhir/StructureDefinition/implementationguide-page","valueUri":"ValueSet-Negativetestresult-values.html"}],"reference":{"reference":"ValueSet/Negativetestresult-values"},"name":"Negative Test Results","description":"Codes representing negative test result values","exampleBoolean":false,"groupingId":"-term-valueset"},{"extension":[{"url":"http://hl7.org/fhir/tools/StructureDefinition/resource-sort","valueInteger":999999999},{"url":"http://hl7.org/fhir/StructureDefinition/implementationguide-page","valueUri":"ValueSet-PositiveTestResult-values.html"}],"reference":{"reference":"ValueSet/PositiveTestResult-values"},"name":"Positive Test Result valuest","description":"Codes representing Positive Test Result values","exampleBoolean":false,"groupingId":"-term-valueset"},{"extension":[{"url":"http://hl7.org/fhir/tools/StructureDefinition/resource-sort","valueInteger":999999999},{"url":"http://hl7.org/fhir/StructureDefinition/implementationguide-page","valueUri":"ValueSet-pregnancystatus-values.html"}],"reference":{"reference":"ValueSet/pregnancystatus-values"},"name":"Pregnancy status values","description":"Codes representing possible values for the Pregnancy status element","exampleBoolean":false,"groupingId":"-term-valueset"},{"extension":[{"url":"http://hl7.org/fhir/tools/StructureDefinition/resource-sort","valueInteger":999999999},{"url":"http://hl7.org/fhir/StructureDefinition/implementationguide-page","valueUri":"ValueSet-LiveAttenuatedVaccines.html"}],"reference":{"reference":"ValueSet/LiveAttenuatedVaccines"},"name":"Set of live attenuated vaccines","description":"Codes representing live attenuated vaccines","exampleBoolean":false,"groupingId":"-term-valueset"},{"extension":[{"url":"http://hl7.org/fhir/tools/StructureDefinition/resource-sort","valueInteger":999999999},{"url":"http://hl7.org/fhir/StructureDefinition/implementationguide-page","valueUri":"ValueSet-AllVaccineTypes.html"}],"reference":{"reference":"ValueSet/AllVaccineTypes"},"name":"Vaccine Type ValueSet","description":"Vaccine type Codes, containing the different types of antigens used in vaccine guidelines.","exampleBoolean":false,"groupingId":"-term-valueset"},{"extension":[{"url":"http://hl7.org/fhir/tools/StructureDefinition/resource-sort","valueInteger":999999999},{"url":"http://hl7.org/fhir/StructureDefinition/implementationguide-page","valueUri":"CodeSystem-ICD11.html"}],"reference":{"reference":"CodeSystem/ICD11"},"name":"ICD-11","description":"ICD-11.","exampleBoolean":false,"groupingId":"-term-codesystem"},{"extension":[{"url":"http://hl7.org/fhir/tools/StructureDefinition/resource-sort","valueInteger":999999999},{"url":"http://hl7.org/fhir/StructureDefinition/implementationguide-page","valueUri":"CodeSystem-IMMZ.C.html"}],"reference":{"reference":"CodeSystem/IMMZ.C"},"name":"IMMZ.C CodeSystem for Data Elements","description":"CodeSystem for IMMZ.C Data Elements","exampleBoolean":false,"groupingId":"-term-codesystem"},{"extension":[{"url":"http://hl7.org/fhir/tools/StructureDefinition/resource-sort","valueInteger":999999999},{"url":"http://hl7.org/fhir/StructureDefinition/implementationguide-page","valueUri":"CodeSystem-IMMZ.D1.html"}],"reference":{"reference":"CodeSystem/IMMZ.D1"},"name":"IMMZ.D1 CodeSystem for Data Elements","description":"CodeSystem for IMMZ.C Data Elements","exampleBoolean":false,"groupingId":"-term-codesystem"},{"extension":[{"url":"http://hl7.org/fhir/tools/StructureDefinition/resource-sort","valueInteger":999999999},{"url":"http://hl7.org/fhir/StructureDefinition/implementationguide-page","valueUri":"CodeSystem-IMMZ.D1.DE1.html"}],"reference":{"reference":"CodeSystem/IMMZ.D1.DE1"},"name":"IMMZ.D1.DE1 CodeSystem for Immunization status","description":"CodeSystem for IMMZ.D1.DE1 Immunization status","exampleBoolean":false,"groupingId":"-term-codesystem"},{"extension":[{"url":"http://hl7.org/fhir/tools/StructureDefinition/resource-sort","valueInteger":999999999},{"url":"http://hl7.org/fhir/StructureDefinition/implementationguide-page","valueUri":"CodeSystem-IMMZ.D1.DE5.html"}],"reference":{"reference":"CodeSystem/IMMZ.D1.DE5"},"name":"IMMZ.D1.DE5 CodeSystem for Reason Not Done","description":"CodeSystem for IMMZ.D1.DE5 Reason Not Done","exampleBoolean":false,"groupingId":"-term-codesystem"},{"extension":[{"url":"http://hl7.org/fhir/tools/StructureDefinition/resource-sort","valueInteger":999999999},{"url":"http://hl7.org/fhir/StructureDefinition/implementationguide-page","valueUri":"CodeSystem-IMMZ.D4.html"}],"reference":{"reference":"CodeSystem/IMMZ.D4"},"name":"IMMZ.D4 CodeSystem for Check Contraindications Data Elements","description":"CodeSystem for IMMZ.D4 Check Contraindications Data Elements","exampleBoolean":false,"groupingId":"-term-codesystem"},{"extension":[{"url":"http://hl7.org/fhir/tools/StructureDefinition/resource-sort","valueInteger":999999999},{"url":"http://hl7.org/fhir/StructureDefinition/implementationguide-page","valueUri":"CodeSystem-VaccineProducts.html"}],"reference":{"reference":"CodeSystem/VaccineProducts"},"name":"Vaccine Product codes CodeSet","description":"Vaccine Product codes, containing the different available products.","exampleBoolean":false,"groupingId":"-term-codesystem"},{"extension":[{"url":"http://hl7.org/fhir/tools/StructureDefinition/resource-sort","valueInteger":999999999},{"url":"http://hl7.org/fhir/StructureDefinition/implementationguide-page","valueUri":"StructureMap-IMMZCLMToPatient.html"}],"reference":{"reference":"StructureMap/IMMZCLMToPatient"},"groupingId":"-map-structuremap"},{"extension":[{"url":"http://hl7.org/fhir/tools/StructureDefinition/resource-sort","valueInteger":999999999},{"url":"http://hl7.org/fhir/StructureDefinition/implementationguide-page","valueUri":"StructureMap-IMMZCQRToLM.html"}],"reference":{"reference":"StructureMap/IMMZCQRToLM"},"groupingId":"-map-structuremap"},{"extension":[{"url":"http://hl7.org/fhir/tools/StructureDefinition/resource-sort","valueInteger":999999999},{"url":"http://hl7.org/fhir/StructureDefinition/implementationguide-page","valueUri":"StructureMap-IMMZCQRToPatient.html"}],"reference":{"reference":"StructureMap/IMMZCQRToPatient"},"groupingId":"-map-structuremap"},{"extension":[{"url":"http://hl7.org/fhir/tools/StructureDefinition/resource-sort","valueInteger":999999999},{"url":"http://hl7.org/fhir/StructureDefinition/implementationguide-page","valueUri":"StructureMap-IMMZD1LMToResources.html"}],"reference":{"reference":"StructureMap/IMMZD1LMToResources"},"groupingId":"-map-structuremap"},{"extension":[{"url":"http://hl7.org/fhir/tools/StructureDefinition/resource-sort","valueInteger":999999999},{"url":"http://hl7.org/fhir/StructureDefinition/implementationguide-page","valueUri":"StructureMap-IMMZD1QRToLM.html"}],"reference":{"reference":"StructureMap/IMMZD1QRToLM"},"groupingId":"-map-structuremap"},{"extension":[{"url":"http://hl7.org/fhir/tools/StructureDefinition/resource-sort","valueInteger":999999999},{"url":"http://hl7.org/fhir/StructureDefinition/implementationguide-page","valueUri":"StructureMap-IMMZD1QRToResources.html"}],"reference":{"reference":"StructureMap/IMMZD1QRToResources"},"groupingId":"-map-structuremap"},{"extension":[{"url":"http://hl7.org/fhir/tools/StructureDefinition/resource-sort","valueInteger":999999999},{"url":"http://hl7.org/fhir/StructureDefinition/implementationguide-page","valueUri":"StructureMap-IMMZD4LMToResources.html"}],"reference":{"reference":"StructureMap/IMMZD4LMToResources"},"groupingId":"-map-structuremap"},{"extension":[{"url":"http://hl7.org/fhir/tools/StructureDefinition/resource-sort","valueInteger":999999999},{"url":"http://hl7.org/fhir/StructureDefinition/implementationguide-page","valueUri":"StructureMap-IMMZD4QRToLM.html"}],"reference":{"reference":"StructureMap/IMMZD4QRToLM"},"groupingId":"-map-structuremap"},{"extension":[{"url":"http://hl7.org/fhir/tools/StructureDefinition/resource-sort","valueInteger":999999999},{"url":"http://hl7.org/fhir/StructureDefinition/implementationguide-page","valueUri":"StructureMap-IMMZD4QRToResources.html"}],"reference":{"reference":"StructureMap/IMMZD4QRToResources"},"groupingId":"-map-structuremap"},{"extension":[{"url":"http://hl7.org/fhir/tools/StructureDefinition/resource-sort","valueInteger":999999999},{"url":"http://hl7.org/fhir/StructureDefinition/implementationguide-page","valueUri":"ConceptMap-IMMZCSexToAdministrativeGender.html"}],"reference":{"reference":"ConceptMap/IMMZCSexToAdministrativeGender"},"name":"ConceptMap to and From IMMZ.C sex to administrative gender","description":"Mapping to and from IMMZ.C sex coding to FHIR Administrative Gender.","exampleBoolean":false,"groupingId":"-map-conceptmap"},{"extension":[{"url":"http://hl7.org/fhir/tools/StructureDefinition/resource-sort","valueInteger":999999999},{"url":"http://hl7.org/fhir/StructureDefinition/implementationguide-page","valueUri":"ConceptMap-IMMZCConceptMap.html"}],"reference":{"reference":"ConceptMap/IMMZCConceptMap"},"name":"ConceptMap to and from IMMZ.C DataElements","description":"Mapping to and from IMMZ.C Data Dictionary to other codesystems.","exampleBoolean":false,"groupingId":"-map-conceptmap"},{"extension":[{"url":"http://hl7.org/fhir/tools/StructureDefinition/resource-sort","valueInteger":999999999},{"url":"http://hl7.org/fhir/StructureDefinition/implementationguide-page","valueUri":"ConceptMap-IMMZD1ConceptMap.html"}],"reference":{"reference":"ConceptMap/IMMZD1ConceptMap"},"name":"ConceptMap to and from IMMZ.D1 DataElements","description":"Mapping to and from IMMZ.D1 Data Dictionary to other codesystems.","exampleBoolean":false,"groupingId":"-map-conceptmap"},{"extension":[{"url":"http://hl7.org/fhir/tools/StructureDefinition/resource-sort","valueInteger":999999999},{"url":"http://hl7.org/fhir/StructureDefinition/implementationguide-page","valueUri":"ConceptMap-IMMZD4ConceptMap.html"}],"reference":{"reference":"ConceptMap/IMMZD4ConceptMap"},"name":"ConceptMap to and from IMMZ.D4 DataElements","description":"Mapping to and from IMMZ.D4 Data Dictionary to other codesystems.","exampleBoolean":false,"groupingId":"-map-conceptmap"},{"extension":[{"url":"http://hl7.org/fhir/tools/StructureDefinition/resource-sort","valueInteger":999999999},{"url":"http://hl7.org/fhir/StructureDefinition/implementationguide-page","valueUri":"ActorDefinition-CommunityHealthWorker.html"}],"reference":{"reference":"ActorDefinition/CommunityHealthWorker"},"name":"Community Health Worker","description":"Community health workers provide health education, referral and follow-up; case management and basic preventive health care; and home visiting services to specific communities. They provide support and assistance to clients by reminding clients to take their vaccinations, responding to emergencies, and reporting births.","exampleBoolean":true,"groupingId":"-ex-example"},{"extension":[{"url":"http://hl7.org/fhir/tools/StructureDefinition/resource-sort","valueInteger":999999999},{"url":"http://hl7.org/fhir/StructureDefinition/implementationguide-page","valueUri":"QuestionnaireResponse-Example.IMMZ.C.QuestionnaireResponse.1.html"}],"reference":{"reference":"QuestionnaireResponse/Example.IMMZ.C.QuestionnaireResponse.1"},"name":"Example.IMMZ.C.QuestionnaireResponse.1","description":"QuestionnaireResponse Example 1 - Client Registration","exampleBoolean":true,"groupingId":"-ex-example"},{"extension":[{"url":"http://hl7.org/fhir/tools/StructureDefinition/resource-sort","valueInteger":999999999},{"url":"http://hl7.org/fhir/StructureDefinition/implementationguide-page","valueUri":"QuestionnaireResponse-Example.IMMZ.D1.QuestionnaireResponse.1.html"}],"reference":{"reference":"QuestionnaireResponse/Example.IMMZ.D1.QuestionnaireResponse.1"},"name":"Example.IMMZ.D1.QuestionnaireResponse.1","description":"QuestionnaireResponse Example 1 - Client History  - Measles","exampleBoolean":true,"groupingId":"-ex-example"},{"extension":[{"url":"http://hl7.org/fhir/tools/StructureDefinition/resource-sort","valueInteger":999999999},{"url":"http://hl7.org/fhir/StructureDefinition/implementationguide-page","valueUri":"QuestionnaireResponse-Example.IMMZ.D1.QuestionnaireResponse.2.html"}],"reference":{"reference":"QuestionnaireResponse/Example.IMMZ.D1.QuestionnaireResponse.2"},"name":"Example.IMMZ.D1.QuestionnaireResponse.2","description":"QuestionnaireResponse Example 2 - Client History  - Measles","exampleBoolean":true,"groupingId":"-ex-example"},{"extension":[{"url":"http://hl7.org/fhir/tools/StructureDefinition/resource-sort","valueInteger":999999999},{"url":"http://hl7.org/fhir/StructureDefinition/implementationguide-page","valueUri":"QuestionnaireResponse-Example.IMMZ.D1.QuestionnaireResponse.3.html"}],"reference":{"reference":"QuestionnaireResponse/Example.IMMZ.D1.QuestionnaireResponse.3"},"name":"Example.IMMZ.D1.QuestionnaireResponse.3","description":"QuestionnaireResponse Example 3 - Client History  - Measles","exampleBoolean":true,"groupingId":"-ex-example"},{"extension":[{"url":"http://hl7.org/fhir/tools/StructureDefinition/resource-sort","valueInteger":999999999},{"url":"http://hl7.org/fhir/StructureDefinition/implementationguide-page","valueUri":"QuestionnaireResponse-Example.IMMZ.D4.QuestionnaireResponse.1.html"}],"reference":{"reference":"QuestionnaireResponse/Example.IMMZ.D4.QuestionnaireResponse.1"},"name":"Example.IMMZ.D4.QuestionnaireResponse.1","description":"QuestionnaireResponse Example 1 - Contraindications - Measles","exampleBoolean":true,"groupingId":"-ex-example"},{"extension":[{"url":"http://hl7.org/fhir/tools/StructureDefinition/resource-sort","valueInteger":999999999},{"url":"http://hl7.org/fhir/StructureDefinition/implementationguide-page","valueUri":"QuestionnaireResponse-Example.IMMZ.D4.QuestionnaireResponse.2.html"}],"reference":{"reference":"QuestionnaireResponse/Example.IMMZ.D4.QuestionnaireResponse.2"},"name":"Example.IMMZ.D4.QuestionnaireResponse.2","description":"QuestionnaireResponse Example 2 - Contraindications - Measles","exampleBoolean":true,"groupingId":"-ex-example"},{"extension":[{"url":"http://hl7.org/fhir/tools/StructureDefinition/resource-sort","valueInteger":999999999},{"url":"http://hl7.org/fhir/StructureDefinition/implementationguide-page","valueUri":"QuestionnaireResponse-Example.IMMZ.D4.QuestionnaireResponse.3.html"}],"reference":{"reference":"QuestionnaireResponse/Example.IMMZ.D4.QuestionnaireResponse.3"},"name":"Example.IMMZ.D4.QuestionnaireResponse.3","description":"QuestionnaireResponse Example 3 - Contraindications - Measles","exampleBoolean":true,"groupingId":"-ex-example"},{"extension":[{"url":"http://hl7.org/fhir/tools/StructureDefinition/resource-sort","valueInteger":999999999},{"url":"http://hl7.org/fhir/StructureDefinition/implementationguide-page","valueUri":"QuestionnaireResponse-Example.IMMZ.D4.QuestionnaireResponse.4.html"}],"reference":{"reference":"QuestionnaireResponse/Example.IMMZ.D4.QuestionnaireResponse.4"},"name":"Example.IMMZ.D4.QuestionnaireResponse.4","description":"QuestionnaireResponse Example 4 - Contraindications - Measles","exampleBoolean":true,"groupingId":"-ex-example"},{"extension":[{"url":"http://hl7.org/fhir/tools/StructureDefinition/resource-sort","valueInteger":999999999},{"url":"http://hl7.org/fhir/StructureDefinition/implementationguide-page","valueUri":"ActorDefinition-EPIManager.html"}],"reference":{"reference":"ActorDefinition/EPIManager"},"name":"Healthcare Worker","description":"Responsible for: developing annual and multi-annual plans; immunization communication and mobilization; management of logistics, the cold chain, and vaccines; monitoring, supervision and evaluation of immunization services; and coordination of EPI activities at the national and subnational levels.","exampleBoolean":true,"groupingId":"-ex-example"},{"extension":[{"url":"http://hl7.org/fhir/tools/StructureDefinition/resource-sort","valueInteger":999999999},{"url":"http://hl7.org/fhir/StructureDefinition/implementationguide-page","valueUri":"ActorDefinition-HealthWorker.html"}],"reference":{"reference":"ActorDefinition/HealthWorker"},"name":"Healthcare Worker","description":"Health workers facilitate education sessions, administers immunizations, provide counselling when needed, record stock movements, and compiles/generates reports.","exampleBoolean":true,"groupingId":"-ex-example"},{"extension":[{"url":"http://hl7.org/fhir/tools/StructureDefinition/resource-sort","valueInteger":999999999},{"url":"http://hl7.org/fhir/StructureDefinition/implementationguide-page","valueUri":"Requirements-immz-e-fxnreq.html"}],"reference":{"reference":"Requirements/immz-e-fxnreq"},"name":"IMMUNIZATION - Business Process E: Register Client - Functional requirements","description":"IMMUNIZATION - Business Process E: Register Client - Functional requirements","exampleBoolean":true,"groupingId":"-ex-example"},{"extension":[{"url":"http://hl7.org/fhir/tools/StructureDefinition/resource-sort","valueInteger":999999999},{"url":"http://hl7.org/fhir/StructureDefinition/implementationguide-page","valueUri":"Measure-IMMZIND05.html"}],"reference":{"reference":"Measure/IMMZIND05"},"name":"IMMZIND05","description":"IMMZ.IND.05 Measles indicator for first dose.","exampleBoolean":true,"groupingId":"-ex-example"},{"extension":[{"url":"http://hl7.org/fhir/tools/StructureDefinition/resource-sort","valueInteger":999999999},{"url":"http://hl7.org/fhir/StructureDefinition/implementationguide-page","valueUri":"Measure-IMMZIND40.html"}],"reference":{"reference":"Measure/IMMZIND40"},"name":"IMMZIND40","description":"IMMZ.IND.40 Measles indicator for second dose.","exampleBoolean":true,"groupingId":"-ex-example"},{"extension":[{"url":"http://hl7.org/fhir/tools/StructureDefinition/resource-sort","valueInteger":999999999},{"url":"http://hl7.org/fhir/StructureDefinition/implementationguide-page","valueUri":"Immunization-Immunization1.html"}],"reference":{"reference":"Immunization/Immunization1"},"name":"Immunization1","description":"Immunization record","exampleCanonical":"http://moh.Patland/ig/smart-immunizations-measles/StructureDefinition/SGImmunization","groupingId":"-ex-example"},{"extension":[{"url":"http://hl7.org/fhir/tools/StructureDefinition/resource-sort","valueInteger":999999999},{"url":"http://hl7.org/fhir/StructureDefinition/implementationguide-page","valueUri":"Medication-Vaccine-MSDMMRVaxPro.html"}],"reference":{"reference":"Medication/Vaccine-MSDMMRVaxPro"},"name":"MSD - M-M-RvaxPRO","description":"M-M-RvaxPRO","exampleCanonical":"http://moh.Patland/ig/smart-immunizations-measles/StructureDefinition/SGVaccineProduct","groupingId":"-ex-example"},{"extension":[{"url":"http://hl7.org/fhir/tools/StructureDefinition/resource-sort","valueInteger":999999999},{"url":"http://hl7.org/fhir/StructureDefinition/implementationguide-page","valueUri":"Medication-Vaccine-SIIMeasles.html"}],"reference":{"reference":"Medication/Vaccine-SIIMeasles"},"name":"Serum Institute of India Measles - Medication Product","description":"Serum Institute of India Measles - Medication Product","exampleCanonical":"http://moh.Patland/ig/smart-immunizations-measles/StructureDefinition/SGVaccineProduct","groupingId":"-ex-example"},{"extension":[{"url":"http://hl7.org/fhir/tools/StructureDefinition/resource-sort","valueInteger":999999999},{"url":"http://hl7.org/fhir/StructureDefinition/implementationguide-page","valueUri":"MedicationRequest-VaccineProposal1.html"}],"reference":{"reference":"MedicationRequest/VaccineProposal1"},"name":"VaccineProposal1","description":"Example Proposal (Request) fr patient vaccination","exampleCanonical":"http://moh.Patland/ig/smart-immunizations-measles/StructureDefinition/SGVaccineProposal","groupingId":"-ex-example"},{"extension":[{"url":"http://hl7.org/fhir/tools/StructureDefinition/resource-sort","valueInteger":999999999},{"url":"http://hl7.org/fhir/StructureDefinition/implementationguide-page","valueUri":"Patient-P123456.html"}],"reference":{"reference":"Patient/P123456"},"name":"patient123456","description":"Patient Example - 123456","exampleBoolean":true,"groupingId":"-ex-example"},{"extension":[{"url":"http://hl7.org/fhir/tools/StructureDefinition/resource-sort","valueInteger":999999999},{"url":"http://hl7.org/fhir/StructureDefinition/implementationguide-page","valueUri":"Patient-P654321.html"}],"reference":{"reference":"Patient/P654321"},"name":"patient654321","description":"Patient Example - 654321","exampleBoolean":true,"groupingId":"-ex-example"},{"extension":[{"url":"http://hl7.org/fhir/tools/StructureDefinition/resource-sort","valueInteger":999999999},{"url":"http://hl7.org/fhir/StructureDefinition/implementationguide-page","valueUri":"Device-cqf-tooling.html"}],"reference":{"reference":"Device/cqf-tooling"},"name":"cqf-tooling","exampleBoolean":false,"groupingId":"-other"}],"page":{"extension":[{"url":"http://hl7.org/fhir/tools/StructureDefinition/ig-page-name","valueUrl":"toc.html"}],"nameUrl":"toc.html","title":"Table of Contents","generation":"html","page":[{"extension":[{"url":"http://hl7.org/fhir/tools/StructureDefinition/ig-page-name","valueUrl":"index.html"}],"nameUrl":"index.html","title":"Home","generation":"markdown","page":[{"extension":[{"url":"http://hl7.org/fhir/tools/StructureDefinition/ig-page-name","valueUrl":"changes.html"}],"nameUrl":"changes.html","title":"Changes","generation":"markdown"},{"extension":[{"url":"http://hl7.org/fhir/tools/StructureDefinition/ig-page-name","valueUrl":"dependencies.html"}],"nameUrl":"dependencies.html","title":"Dependencies","generation":"markdown"},{"extension":[{"url":"http://hl7.org/fhir/tools/StructureDefinition/ig-page-name","valueUrl":"references.html"}],"nameUrl":"references.html","title":"References","generation":"markdown"},{"extension":[{"url":"http://hl7.org/fhir/tools/StructureDefinition/ig-page-name","valueUrl":"adapting.html"}],"nameUrl":"adapting.html","title":"Adapting Guidelines for Country use","generation":"markdown"},{"extension":[{"url":"http://hl7.org/fhir/tools/StructureDefinition/ig-page-name","valueUrl":"license.html"}],"nameUrl":"license.html","title":"License","generation":"markdown"}]},{"extension":[{"url":"http://hl7.org/fhir/tools/StructureDefinition/ig-page-name","valueUrl":"business-requirements.html"}],"nameUrl":"business-requirements.html","title":"Business Requirements","generation":"markdown","page":[{"extension":[{"url":"http://hl7.org/fhir/tools/StructureDefinition/ig-page-name","valueUrl":"concepts.html"}],"nameUrl":"concepts.html","title":"Concepts","generation":"markdown"},{"extension":[{"url":"http://hl7.org/fhir/tools/StructureDefinition/ig-page-name","valueUrl":"personas.html"}],"nameUrl":"personas.html","title":"Generic Personas","generation":"markdown"},{"extension":[{"url":"http://hl7.org/fhir/tools/StructureDefinition/ig-page-name","valueUrl":"scenarios.html"}],"nameUrl":"scenarios.html","title":"User Scenarios","generation":"markdown"},{"extension":[{"url":"http://hl7.org/fhir/tools/StructureDefinition/ig-page-name","valueUrl":"business-processes.html"}],"nameUrl":"business-processes.html","title":"Business Processes","generation":"markdown"},{"extension":[{"url":"http://hl7.org/fhir/tools/StructureDefinition/ig-page-name","valueUrl":"dictionary.html"}],"nameUrl":"dictionary.html","title":"Data Dictionary","generation":"markdown"},{"extension":[{"url":"http://hl7.org/fhir/tools/StructureDefinition/ig-page-name","valueUrl":"decision-logic.html"}],"nameUrl":"decision-logic.html","title":"Decision-support logic","generation":"markdown"},{"extension":[{"url":"http://hl7.org/fhir/tools/StructureDefinition/ig-page-name","valueUrl":"indicators.html"}],"nameUrl":"indicators.html","title":"Indicator and Performance Metrics","generation":"markdown"},{"extension":[{"url":"http://hl7.org/fhir/tools/StructureDefinition/ig-page-name","valueUrl":"functional-requirements.html"}],"nameUrl":"functional-requirements.html","title":"Functional Requirements","generation":"markdown"},{"extension":[{"url":"http://hl7.org/fhir/tools/StructureDefinition/ig-page-name","valueUrl":"non-functional-requirements.html"}],"nameUrl":"non-functional-requirements.html","title":"Non-functional Requirements","generation":"markdown"}]},{"extension":[{"url":"http://hl7.org/fhir/tools/StructureDefinition/ig-page-name","valueUrl":"data-models-and-exchange.html"}],"nameUrl":"data-models-and-exchange.html","title":"Data Models and Exchange","generation":"markdown","page":[{"extension":[{"url":"http://hl7.org/fhir/tools/StructureDefinition/ig-page-name","valueUrl":"system-actors.html"}],"nameUrl":"system-actors.html","title":"System Actors","generation":"markdown"},{"extension":[{"url":"http://hl7.org/fhir/tools/StructureDefinition/ig-page-name","valueUrl":"sequence-diagrams.html"}],"nameUrl":"sequence-diagrams.html","title":"Sequence Diagrams","generation":"markdown"},{"extension":[{"url":"http://hl7.org/fhir/tools/StructureDefinition/ig-page-name","valueUrl":"transactions.html"}],"nameUrl":"transactions.html","title":"Transactions","generation":"markdown"},{"extension":[{"url":"http://hl7.org/fhir/tools/StructureDefinition/ig-page-name","valueUrl":"indicators-measures.html"}],"nameUrl":"indicators-measures.html","title":"Indicators and Measures","generation":"markdown"},{"extension":[{"url":"http://hl7.org/fhir/tools/StructureDefinition/ig-page-name","valueUrl":"codings.html"}],"nameUrl":"codings.html","title":"Codings","generation":"markdown"}]},{"extension":[{"url":"http://hl7.org/fhir/tools/StructureDefinition/ig-page-name","valueUrl":"deployment.html"}],"nameUrl":"deployment.html","title":"Deployment","generation":"markdown","page":[{"extension":[{"url":"http://hl7.org/fhir/tools/StructureDefinition/ig-page-name","valueUrl":"security-privacy.html"}],"nameUrl":"security-privacy.html","title":"Security and Privacy Considerations","generation":"markdown"},{"extension":[{"url":"http://hl7.org/fhir/tools/StructureDefinition/ig-page-name","valueUrl":"testing.html"}],"nameUrl":"testing.html","title":"Testing","generation":"markdown"},{"extension":[{"url":"http://hl7.org/fhir/tools/StructureDefinition/ig-page-name","valueUrl":"test-data.html"}],"nameUrl":"test-data.html","title":"Test Data","generation":"markdown"},{"extension":[{"url":"http://hl7.org/fhir/tools/StructureDefinition/ig-page-name","valueUrl":"reference-implementations.html"}],"nameUrl":"reference-implementations.html","title":"Reference Implementations","generation":"markdown"},{"extension":[{"url":"http://hl7.org/fhir/tools/StructureDefinition/ig-page-name","valueUrl":"downloads.html"}],"nameUrl":"downloads.html","title":"Downloads","generation":"markdown"}]},{"extension":[{"url":"http://hl7.org/fhir/tools/StructureDefinition/ig-page-name","valueUrl":"indices.html"}],"nameUrl":"indices.html","title":"Indices","generation":"markdown","page":[{"extension":[{"url":"http://hl7.org/fhir/tools/StructureDefinition/ig-page-name","valueUrl":"artifacts.html"}],"nameUrl":"artifacts.html","title":"Artifact Index","generation":"html","page":[{"extension":[{"url":"http://hl7.org/fhir/tools/StructureDefinition/ig-page-name","valueUrl":"ActivityDefinition-IMMZD2DTMeaslesCIMR.html"}],"nameUrl":"ActivityDefinition-IMMZD2DTMeaslesCIMR.html","title":"IMMZ.D2.DT.Measles.Contraindication","generation":"generated"},{"extension":[{"url":"http://hl7.org/fhir/tools/StructureDefinition/ig-page-name","valueUrl":"ActivityDefinition-IMMZD2DTMeaslesEval.html"}],"nameUrl":"ActivityDefinition-IMMZD2DTMeaslesEval.html","title":"IMMZ.D2.DT.Measles.Eval","generation":"generated"},{"extension":[{"url":"http://hl7.org/fhir/tools/StructureDefinition/ig-page-name","valueUrl":"ActivityDefinition-IMMZD2DTMeaslesMR.html"}],"nameUrl":"ActivityDefinition-IMMZD2DTMeaslesMR.html","title":"IMMZ.D2.DT.Measles.MR","generation":"generated"},{"extension":[{"url":"http://hl7.org/fhir/tools/StructureDefinition/ig-page-name","valueUrl":"PlanDefinition-IMMZD2DTMeasles.html"}],"nameUrl":"PlanDefinition-IMMZD2DTMeasles.html","title":"IMMZ.D2.DT.Measles","generation":"generated"},{"extension":[{"url":"http://hl7.org/fhir/tools/StructureDefinition/ig-page-name","valueUrl":"PlanDefinition-IMMZD2DTMeaslesCI.html"}],"nameUrl":"PlanDefinition-IMMZD2DTMeaslesCI.html","title":"IMMZ.D2.DT.Measles.Contraindication","generation":"generated"},{"extension":[{"url":"http://hl7.org/fhir/tools/StructureDefinition/ig-page-name","valueUrl":"PlanDefinition-IMMZDTUmbrella.html"}],"nameUrl":"PlanDefinition-IMMZDTUmbrella.html","title":"IMMZ.DT.Umbrella","generation":"generated"},{"extension":[{"url":"http://hl7.org/fhir/tools/StructureDefinition/ig-page-name","valueUrl":"Library-FHIRCommon.html"}],"nameUrl":"Library-FHIRCommon.html","title":"FHIRCommon","generation":"generated"},{"extension":[{"url":"http://hl7.org/fhir/tools/StructureDefinition/ig-page-name","valueUrl":"Library-FHIRHelpers.html"}],"nameUrl":"Library-FHIRHelpers.html","title":"FHIRHelpers","generation":"generated"},{"extension":[{"url":"http://hl7.org/fhir/tools/StructureDefinition/ig-page-name","valueUrl":"Library-IMMZCommon.html"}],"nameUrl":"Library-IMMZCommon.html","title":"IMMZCommon","generation":"generated"},{"extension":[{"url":"http://hl7.org/fhir/tools/StructureDefinition/ig-page-name","valueUrl":"Library-IMMZCommonIzDataElements.html"}],"nameUrl":"Library-IMMZCommonIzDataElements.html","title":"IMMZCommonIzDataElements","generation":"generated"},{"extension":[{"url":"http://hl7.org/fhir/tools/StructureDefinition/ig-page-name","valueUrl":"Library-IMMZConcepts.html"}],"nameUrl":"Library-IMMZConcepts.html","title":"IMMZConcepts","generation":"generated"},{"extension":[{"url":"http://hl7.org/fhir/tools/StructureDefinition/ig-page-name","valueUrl":"Library-IMMZConfig.html"}],"nameUrl":"Library-IMMZConfig.html","title":"IMMZConfig","generation":"generated"},{"extension":[{"url":"http://hl7.org/fhir/tools/StructureDefinition/ig-page-name","valueUrl":"Library-IMMZD2DTMeasles.html"}],"nameUrl":"Library-IMMZD2DTMeasles.html","title":"IMMZD2DTMeasles","generation":"generated"},{"extension":[{"url":"http://hl7.org/fhir/tools/StructureDefinition/ig-page-name","valueUrl":"Library-IMMZDT08.html"}],"nameUrl":"Library-IMMZDT08.html","title":"IMMZDT08","generation":"generated"},{"extension":[{"url":"http://hl7.org/fhir/tools/StructureDefinition/ig-page-name","valueUrl":"Library-IMMZIndicatorCommon.html"}],"nameUrl":"Library-IMMZIndicatorCommon.html","title":"IMMZIndicatorCommon","generation":"generated"},{"extension":[{"url":"http://hl7.org/fhir/tools/StructureDefinition/ig-page-name","valueUrl":"Library-IMMZINDMeasles.html"}],"nameUrl":"Library-IMMZINDMeasles.html","title":"IMMZINDMeasles","generation":"generated"},{"extension":[{"url":"http://hl7.org/fhir/tools/StructureDefinition/ig-page-name","valueUrl":"Library-IMMZVaccineLibrary.html"}],"nameUrl":"Library-IMMZVaccineLibrary.html","title":"IMMZVaccineLibrary","generation":"generated"},{"extension":[{"url":"http://hl7.org/fhir/tools/StructureDefinition/ig-page-name","valueUrl":"Library-WHOCommon.html"}],"nameUrl":"Library-WHOCommon.html","title":"WHOCommon","generation":"generated"},{"extension":[{"url":"http://hl7.org/fhir/tools/StructureDefinition/ig-page-name","valueUrl":"Library-WHOConcepts.html"}],"nameUrl":"Library-WHOConcepts.html","title":"WHOConcepts","generation":"generated"},{"extension":[{"url":"http://hl7.org/fhir/tools/StructureDefinition/ig-page-name","valueUrl":"StructureDefinition-IMMZCRegisterClient.html"}],"nameUrl":"StructureDefinition-IMMZCRegisterClient.html","title":"IMMZ.C Register Client","generation":"generated"},{"extension":[{"url":"http://hl7.org/fhir/tools/StructureDefinition/ig-page-name","valueUrl":"StructureDefinition-IMMZDUpdateVaccinationRecord.html"}],"nameUrl":"StructureDefinition-IMMZDUpdateVaccinationRecord.html","title":"IMMZ.D Update Vaccination Record","generation":"generated"},{"extension":[{"url":"http://hl7.org/fhir/tools/StructureDefinition/ig-page-name","valueUrl":"StructureDefinition-IMMZD1ClientHistoryMeasles.html"}],"nameUrl":"StructureDefinition-IMMZD1ClientHistoryMeasles.html","title":"IMMZ.D1 Capture Client History for Measles","generation":"generated"},{"extension":[{"url":"http://hl7.org/fhir/tools/StructureDefinition/ig-page-name","valueUrl":"StructureDefinition-IMMZD4CheckContraindicationsMeasles.html"}],"nameUrl":"StructureDefinition-IMMZD4CheckContraindicationsMeasles.html","title":"IMMZ.D4 Check Contraindications for Measles","generation":"generated"},{"extension":[{"url":"http://hl7.org/fhir/tools/StructureDefinition/ig-page-name","valueUrl":"Questionnaire-AdministerVaccine.html"}],"nameUrl":"Questionnaire-AdministerVaccine.html","title":"Administer Vaccine","generation":"generated","page":[{"extension":[{"url":"http://hl7.org/fhir/tools/StructureDefinition/ig-page-name","valueUrl":"ValueSet-AdministerVaccine_VSMeaslesVaccineProducts.html"}],"nameUrl":"ValueSet-AdministerVaccine_VSMeaslesVaccineProducts.html","title":"ValueSet","generation":"generated"},{"extension":[{"url":"http://hl7.org/fhir/tools/StructureDefinition/ig-page-name","valueUrl":"ValueSet-AdministerVaccine_immunization-status.html"}],"nameUrl":"ValueSet-AdministerVaccine_immunization-status.html","title":"ValueSet","generation":"generated"}]},{"extension":[{"url":"http://hl7.org/fhir/tools/StructureDefinition/ig-page-name","valueUrl":"Questionnaire-IMMZD1ClientHistoryMeasles.html"}],"nameUrl":"Questionnaire-IMMZD1ClientHistoryMeasles.html","title":"Capture Client History Questionnaire","generation":"generated","page":[{"extension":[{"url":"http://hl7.org/fhir/tools/StructureDefinition/ig-page-name","valueUrl":"ValueSet-IMMZD1ClientHistoryMeasles_IMMZ.D1.DE10.html"}],"nameUrl":"ValueSet-IMMZD1ClientHistoryMeasles_IMMZ.D1.DE10.html","title":"ValueSet","generation":"generated"}]},{"extension":[{"url":"http://hl7.org/fhir/tools/StructureDefinition/ig-page-name","valueUrl":"Questionnaire-QIMMZD4CheckContraindicationsMeasles.html"}],"nameUrl":"Questionnaire-QIMMZD4CheckContraindicationsMeasles.html","title":"Check Contraindications Questionnaire","generation":"generated","page":[{"extension":[{"url":"http://hl7.org/fhir/tools/StructureDefinition/ig-page-name","valueUrl":"ValueSet-QIMMZD4CheckContraindicationsMeasles_IMMZ.D4.DE161.html"}],"nameUrl":"ValueSet-QIMMZD4CheckContraindicationsMeasles_IMMZ.D4.DE161.html","title":"ValueSet","generation":"generated"}]},{"extension":[{"url":"http://hl7.org/fhir/tools/StructureDefinition/ig-page-name","valueUrl":"Questionnaire-QIMMZCRegisterClient.html"}],"nameUrl":"Questionnaire-QIMMZCRegisterClient.html","title":"Client Registration Questionnaire","generation":"generated","page":[{"extension":[{"url":"http://hl7.org/fhir/tools/StructureDefinition/ig-page-name","valueUrl":"ValueSet-QIMMZCRegisterClient_IMMZ.C.DE5.html"}],"nameUrl":"ValueSet-QIMMZCRegisterClient_IMMZ.C.DE5.html","title":"ValueSet","generation":"generated"}]},{"extension":[{"url":"http://hl7.org/fhir/tools/StructureDefinition/ig-page-name","valueUrl":"StructureDefinition-SGImmunization.html"}],"nameUrl":"StructureDefinition-SGImmunization.html","title":"SGImmunization","generation":"generated"},{"extension":[{"url":"http://hl7.org/fhir/tools/StructureDefinition/ig-page-name","valueUrl":"StructureDefinition-SGVaccineProduct.html"}],"nameUrl":"StructureDefinition-SGVaccineProduct.html","title":"SGVaccineProduct","generation":"generated"},{"extension":[{"url":"http://hl7.org/fhir/tools/StructureDefinition/ig-page-name","valueUrl":"StructureDefinition-SGVaccineProposal.html"}],"nameUrl":"StructureDefinition-SGVaccineProposal.html","title":"SGVaccineProposal","generation":"generated"},{"extension":[{"url":"http://hl7.org/fhir/tools/StructureDefinition/ig-page-name","valueUrl":"StructureDefinition-SGVaccineRequest.html"}],"nameUrl":"StructureDefinition-SGVaccineRequest.html","title":"SGVaccineRequest","generation":"generated"},{"extension":[{"url":"http://hl7.org/fhir/tools/StructureDefinition/ig-page-name","valueUrl":"StructureDefinition-sg-ext-administeredProduct.html"}],"nameUrl":"StructureDefinition-sg-ext-administeredProduct.html","title":"SGAdministeredProduct","generation":"generated"},{"extension":[{"url":"http://hl7.org/fhir/tools/StructureDefinition/ig-page-name","valueUrl":"StructureDefinition-SGMedicationClassification.html"}],"nameUrl":"StructureDefinition-SGMedicationClassification.html","title":"SGMedicationClassification","generation":"generated"},{"extension":[{"url":"http://hl7.org/fhir/tools/StructureDefinition/ig-page-name","valueUrl":"ValueSet-ARVDrugs-values.html"}],"nameUrl":"ValueSet-ARVDrugs-values.html","title":"ARV Drugs values","generation":"generated"},{"extension":[{"url":"http://hl7.org/fhir/tools/StructureDefinition/ig-page-name","valueUrl":"ValueSet-Birthweight-values.html"}],"nameUrl":"ValueSet-Birthweight-values.html","title":"Birthweight valueset","generation":"generated"},{"extension":[{"url":"http://hl7.org/fhir/tools/StructureDefinition/ig-page-name","valueUrl":"ValueSet-country.html"}],"nameUrl":"ValueSet-country.html","title":"Country ValueSet","generation":"generated"},{"extension":[{"url":"http://hl7.org/fhir/tools/StructureDefinition/ig-page-name","valueUrl":"ValueSet-HIVstatus-values.html"}],"nameUrl":"ValueSet-HIVstatus-values.html","title":"HIV status values","generation":"generated"},{"extension":[{"url":"http://hl7.org/fhir/tools/StructureDefinition/ig-page-name","valueUrl":"ValueSet-immunization-status.html"}],"nameUrl":"ValueSet-immunization-status.html","title":"Immunization Status Codes","generation":"generated"},{"extension":[{"url":"http://hl7.org/fhir/tools/StructureDefinition/ig-page-name","valueUrl":"ValueSet-Immunocompromised-values.html"}],"nameUrl":"ValueSet-Immunocompromised-values.html","title":"Immunocompromised valueset","generation":"generated"},{"extension":[{"url":"http://hl7.org/fhir/tools/StructureDefinition/ig-page-name","valueUrl":"ValueSet-IMMZ.C.DE5.html"}],"nameUrl":"ValueSet-IMMZ.C.DE5.html","title":"IMMZ.C.DE5 ValueSet for Sex","generation":"generated"},{"extension":[{"url":"http://hl7.org/fhir/tools/StructureDefinition/ig-page-name","valueUrl":"ValueSet-IMMZ.D1.DE1VS.html"}],"nameUrl":"ValueSet-IMMZ.D1.DE1VS.html","title":"IMMZ.D1.DE1 CodeSystem for Immunization status","generation":"generated"},{"extension":[{"url":"http://hl7.org/fhir/tools/StructureDefinition/ig-page-name","valueUrl":"ValueSet-IMMZ.D1.DE10.html"}],"nameUrl":"ValueSet-IMMZ.D1.DE10.html","title":"IMMZ.D1.DE10 ValueSet for HIV Status","generation":"generated"},{"extension":[{"url":"http://hl7.org/fhir/tools/StructureDefinition/ig-page-name","valueUrl":"ValueSet-IMMZ.D1.DE5VS.html"}],"nameUrl":"ValueSet-IMMZ.D1.DE5VS.html","title":"IMMZ.D1.DE5 CodeSystem for Reason Not Done","generation":"generated"},{"extension":[{"url":"http://hl7.org/fhir/tools/StructureDefinition/ig-page-name","valueUrl":"ValueSet-IMMZ.D4.DE161.html"}],"nameUrl":"ValueSet-IMMZ.D4.DE161.html","title":"IMMZ.D4.DE161 ValueSet for Potential Contraindications","generation":"generated"},{"extension":[{"url":"http://hl7.org/fhir/tools/StructureDefinition/ig-page-name","valueUrl":"ValueSet-IMMZ.Z.DE9.html"}],"nameUrl":"ValueSet-IMMZ.Z.DE9.html","title":"IMMZ.Z.DE10 ValueSet for Measles Vaccines","generation":"generated"},{"extension":[{"url":"http://hl7.org/fhir/tools/StructureDefinition/ig-page-name","valueUrl":"ValueSet-VaccineTypes.html"}],"nameUrl":"ValueSet-VaccineTypes.html","title":"Measles Vaccine Type ValueSet","generation":"generated"},{"extension":[{"url":"http://hl7.org/fhir/tools/StructureDefinition/ig-page-name","valueUrl":"ValueSet-VSMeaslesVaccineProducts.html"}],"nameUrl":"ValueSet-VSMeaslesVaccineProducts.html","title":"MeaslesVaccine Products ValueSet","generation":"generated"},{"extension":[{"url":"http://hl7.org/fhir/tools/StructureDefinition/ig-page-name","valueUrl":"ValueSet-Negativetestresult-values.html"}],"nameUrl":"ValueSet-Negativetestresult-values.html","title":"Negative Test Results","generation":"generated"},{"extension":[{"url":"http://hl7.org/fhir/tools/StructureDefinition/ig-page-name","valueUrl":"ValueSet-PositiveTestResult-values.html"}],"nameUrl":"ValueSet-PositiveTestResult-values.html","title":"Positive Test Result valuest","generation":"generated"},{"extension":[{"url":"http://hl7.org/fhir/tools/StructureDefinition/ig-page-name","valueUrl":"ValueSet-pregnancystatus-values.html"}],"nameUrl":"ValueSet-pregnancystatus-values.html","title":"Pregnancy status values","generation":"generated"},{"extension":[{"url":"http://hl7.org/fhir/tools/StructureDefinition/ig-page-name","valueUrl":"ValueSet-LiveAttenuatedVaccines.html"}],"nameUrl":"ValueSet-LiveAttenuatedVaccines.html","title":"Set of live attenuated vaccines","generation":"generated"},{"extension":[{"url":"http://hl7.org/fhir/tools/StructureDefinition/ig-page-name","valueUrl":"ValueSet-AllVaccineTypes.html"}],"nameUrl":"ValueSet-AllVaccineTypes.html","title":"Vaccine Type ValueSet","generation":"generated"},{"extension":[{"url":"http://hl7.org/fhir/tools/StructureDefinition/ig-page-name","valueUrl":"CodeSystem-ICD11.html"}],"nameUrl":"CodeSystem-ICD11.html","title":"ICD-11","generation":"generated"},{"extension":[{"url":"http://hl7.org/fhir/tools/StructureDefinition/ig-page-name","valueUrl":"CodeSystem-IMMZ.C.html"}],"nameUrl":"CodeSystem-IMMZ.C.html","title":"IMMZ.C CodeSystem for Data Elements","generation":"generated"},{"extension":[{"url":"http://hl7.org/fhir/tools/StructureDefinition/ig-page-name","valueUrl":"CodeSystem-IMMZ.D1.html"}],"nameUrl":"CodeSystem-IMMZ.D1.html","title":"IMMZ.D1 CodeSystem for Data Elements","generation":"generated"},{"extension":[{"url":"http://hl7.org/fhir/tools/StructureDefinition/ig-page-name","valueUrl":"CodeSystem-IMMZ.D1.DE1.html"}],"nameUrl":"CodeSystem-IMMZ.D1.DE1.html","title":"IMMZ.D1.DE1 CodeSystem for Immunization status","generation":"generated"},{"extension":[{"url":"http://hl7.org/fhir/tools/StructureDefinition/ig-page-name","valueUrl":"CodeSystem-IMMZ.D1.DE5.html"}],"nameUrl":"CodeSystem-IMMZ.D1.DE5.html","title":"IMMZ.D1.DE5 CodeSystem for Reason Not Done","generation":"generated"},{"extension":[{"url":"http://hl7.org/fhir/tools/StructureDefinition/ig-page-name","valueUrl":"CodeSystem-IMMZ.D4.html"}],"nameUrl":"CodeSystem-IMMZ.D4.html","title":"IMMZ.D4 CodeSystem for Check Contraindications Data Elements","generation":"generated"},{"extension":[{"url":"http://hl7.org/fhir/tools/StructureDefinition/ig-page-name","valueUrl":"CodeSystem-VaccineProducts.html"}],"nameUrl":"CodeSystem-VaccineProducts.html","title":"Vaccine Product codes CodeSet","generation":"generated"},{"extension":[{"url":"http://hl7.org/fhir/tools/StructureDefinition/ig-page-name","valueUrl":"StructureMap-IMMZCLMToPatient.html"}],"nameUrl":"StructureMap-IMMZCLMToPatient.html","generation":"generated"},{"extension":[{"url":"http://hl7.org/fhir/tools/StructureDefinition/ig-page-name","valueUrl":"StructureMap-IMMZCQRToLM.html"}],"nameUrl":"StructureMap-IMMZCQRToLM.html","generation":"generated"},{"extension":[{"url":"http://hl7.org/fhir/tools/StructureDefinition/ig-page-name","valueUrl":"StructureMap-IMMZCQRToPatient.html"}],"nameUrl":"StructureMap-IMMZCQRToPatient.html","generation":"generated"},{"extension":[{"url":"http://hl7.org/fhir/tools/StructureDefinition/ig-page-name","valueUrl":"StructureMap-IMMZD1LMToResources.html"}],"nameUrl":"StructureMap-IMMZD1LMToResources.html","generation":"generated"},{"extension":[{"url":"http://hl7.org/fhir/tools/StructureDefinition/ig-page-name","valueUrl":"StructureMap-IMMZD1QRToLM.html"}],"nameUrl":"StructureMap-IMMZD1QRToLM.html","generation":"generated"},{"extension":[{"url":"http://hl7.org/fhir/tools/StructureDefinition/ig-page-name","valueUrl":"StructureMap-IMMZD1QRToResources.html"}],"nameUrl":"StructureMap-IMMZD1QRToResources.html","generation":"generated"},{"extension":[{"url":"http://hl7.org/fhir/tools/StructureDefinition/ig-page-name","valueUrl":"StructureMap-IMMZD4LMToResources.html"}],"nameUrl":"StructureMap-IMMZD4LMToResources.html","generation":"generated"},{"extension":[{"url":"http://hl7.org/fhir/tools/StructureDefinition/ig-page-name","valueUrl":"StructureMap-IMMZD4QRToLM.html"}],"nameUrl":"StructureMap-IMMZD4QRToLM.html","generation":"generated"},{"extension":[{"url":"http://hl7.org/fhir/tools/StructureDefinition/ig-page-name","valueUrl":"StructureMap-IMMZD4QRToResources.html"}],"nameUrl":"StructureMap-IMMZD4QRToResources.html","generation":"generated"},{"extension":[{"url":"http://hl7.org/fhir/tools/StructureDefinition/ig-page-name","valueUrl":"ConceptMap-IMMZCConceptMap.html"}],"nameUrl":"ConceptMap-IMMZCConceptMap.html","title":"ConceptMap to and from IMMZ.C DataElements","generation":"generated"},{"extension":[{"url":"http://hl7.org/fhir/tools/StructureDefinition/ig-page-name","valueUrl":"ConceptMap-IMMZCSexToAdministrativeGender.html"}],"nameUrl":"ConceptMap-IMMZCSexToAdministrativeGender.html","title":"ConceptMap to and From IMMZ.C sex to administrative gender","generation":"generated"},{"extension":[{"url":"http://hl7.org/fhir/tools/StructureDefinition/ig-page-name","valueUrl":"ConceptMap-IMMZD1ConceptMap.html"}],"nameUrl":"ConceptMap-IMMZD1ConceptMap.html","title":"ConceptMap to and from IMMZ.D1 DataElements","generation":"generated"},{"extension":[{"url":"http://hl7.org/fhir/tools/StructureDefinition/ig-page-name","valueUrl":"ConceptMap-IMMZD4ConceptMap.html"}],"nameUrl":"ConceptMap-IMMZD4ConceptMap.html","title":"ConceptMap to and from IMMZ.D4 DataElements","generation":"generated"},{"extension":[{"url":"http://hl7.org/fhir/tools/StructureDefinition/ig-page-name","valueUrl":"ActorDefinition-CommunityHealthWorker.html"}],"nameUrl":"ActorDefinition-CommunityHealthWorker.html","title":"Community Health Worker","generation":"generated"},{"extension":[{"url":"http://hl7.org/fhir/tools/StructureDefinition/ig-page-name","valueUrl":"QuestionnaireResponse-Example.IMMZ.C.QuestionnaireResponse.1.html"}],"nameUrl":"QuestionnaireResponse-Example.IMMZ.C.QuestionnaireResponse.1.html","title":"Example.IMMZ.C.QuestionnaireResponse.1","generation":"generated"},{"extension":[{"url":"http://hl7.org/fhir/tools/StructureDefinition/ig-page-name","valueUrl":"QuestionnaireResponse-Example.IMMZ.D1.QuestionnaireResponse.1.html"}],"nameUrl":"QuestionnaireResponse-Example.IMMZ.D1.QuestionnaireResponse.1.html","title":"Example.IMMZ.D1.QuestionnaireResponse.1","generation":"generated"},{"extension":[{"url":"http://hl7.org/fhir/tools/StructureDefinition/ig-page-name","valueUrl":"QuestionnaireResponse-Example.IMMZ.D1.QuestionnaireResponse.2.html"}],"nameUrl":"QuestionnaireResponse-Example.IMMZ.D1.QuestionnaireResponse.2.html","title":"Example.IMMZ.D1.QuestionnaireResponse.2","generation":"generated"},{"extension":[{"url":"http://hl7.org/fhir/tools/StructureDefinition/ig-page-name","valueUrl":"QuestionnaireResponse-Example.IMMZ.D1.QuestionnaireResponse.3.html"}],"nameUrl":"QuestionnaireResponse-Example.IMMZ.D1.QuestionnaireResponse.3.html","title":"Example.IMMZ.D1.QuestionnaireResponse.3","generation":"generated"},{"extension":[{"url":"http://hl7.org/fhir/tools/StructureDefinition/ig-page-name","valueUrl":"QuestionnaireResponse-Example.IMMZ.D4.QuestionnaireResponse.1.html"}],"nameUrl":"QuestionnaireResponse-Example.IMMZ.D4.QuestionnaireResponse.1.html","title":"Example.IMMZ.D4.QuestionnaireResponse.1","generation":"generated"},{"extension":[{"url":"http://hl7.org/fhir/tools/StructureDefinition/ig-page-name","valueUrl":"QuestionnaireResponse-Example.IMMZ.D4.QuestionnaireResponse.2.html"}],"nameUrl":"QuestionnaireResponse-Example.IMMZ.D4.QuestionnaireResponse.2.html","title":"Example.IMMZ.D4.QuestionnaireResponse.2","generation":"generated"},{"extension":[{"url":"http://hl7.org/fhir/tools/StructureDefinition/ig-page-name","valueUrl":"QuestionnaireResponse-Example.IMMZ.D4.QuestionnaireResponse.3.html"}],"nameUrl":"QuestionnaireResponse-Example.IMMZ.D4.QuestionnaireResponse.3.html","title":"Example.IMMZ.D4.QuestionnaireResponse.3","generation":"generated"},{"extension":[{"url":"http://hl7.org/fhir/tools/StructureDefinition/ig-page-name","valueUrl":"QuestionnaireResponse-Example.IMMZ.D4.QuestionnaireResponse.4.html"}],"nameUrl":"QuestionnaireResponse-Example.IMMZ.D4.QuestionnaireResponse.4.html","title":"Example.IMMZ.D4.QuestionnaireResponse.4","generation":"generated"},{"extension":[{"url":"http://hl7.org/fhir/tools/StructureDefinition/ig-page-name","valueUrl":"ActorDefinition-EPIManager.html"}],"nameUrl":"ActorDefinition-EPIManager.html","title":"Healthcare Worker","generation":"generated"},{"extension":[{"url":"http://hl7.org/fhir/tools/StructureDefinition/ig-page-name","valueUrl":"ActorDefinition-HealthWorker.html"}],"nameUrl":"ActorDefinition-HealthWorker.html","title":"Healthcare Worker","generation":"generated"},{"extension":[{"url":"http://hl7.org/fhir/tools/StructureDefinition/ig-page-name","valueUrl":"Requirements-immz-e-fxnreq.html"}],"nameUrl":"Requirements-immz-e-fxnreq.html","title":"IMMUNIZATION - Business Process E: Register Client - Functional requirements","generation":"generated"},{"extension":[{"url":"http://hl7.org/fhir/tools/StructureDefinition/ig-page-name","valueUrl":"Immunization-Immunization1.html"}],"nameUrl":"Immunization-Immunization1.html","title":"Immunization1","generation":"generated"},{"extension":[{"url":"http://hl7.org/fhir/tools/StructureDefinition/ig-page-name","valueUrl":"Measure-IMMZIND05.html"}],"nameUrl":"Measure-IMMZIND05.html","title":"IMMZIND05","generation":"generated"},{"extension":[{"url":"http://hl7.org/fhir/tools/StructureDefinition/ig-page-name","valueUrl":"Measure-IMMZIND40.html"}],"nameUrl":"Measure-IMMZIND40.html","title":"IMMZIND40","generation":"generated"},{"extension":[{"url":"http://hl7.org/fhir/tools/StructureDefinition/ig-page-name","valueUrl":"Medication-Vaccine-MSDMMRVaxPro.html"}],"nameUrl":"Medication-Vaccine-MSDMMRVaxPro.html","title":"MSD - M-M-RvaxPRO","generation":"generated"},{"extension":[{"url":"http://hl7.org/fhir/tools/StructureDefinition/ig-page-name","valueUrl":"Patient-P123456.html"}],"nameUrl":"Patient-P123456.html","title":"patient123456","generation":"generated"},{"extension":[{"url":"http://hl7.org/fhir/tools/StructureDefinition/ig-page-name","valueUrl":"Patient-P654321.html"}],"nameUrl":"Patient-P654321.html","title":"patient654321","generation":"generated"},{"extension":[{"url":"http://hl7.org/fhir/tools/StructureDefinition/ig-page-name","valueUrl":"Medication-Vaccine-SIIMeasles.html"}],"nameUrl":"Medication-Vaccine-SIIMeasles.html","title":"Serum Institute of India Measles - Medication Product","generation":"generated"},{"extension":[{"url":"http://hl7.org/fhir/tools/StructureDefinition/ig-page-name","valueUrl":"MedicationRequest-VaccineProposal1.html"}],"nameUrl":"MedicationRequest-VaccineProposal1.html","title":"VaccineProposal1","generation":"generated"},{"extension":[{"url":"http://hl7.org/fhir/tools/StructureDefinition/ig-page-name","valueUrl":"Device-cqf-tooling.html"}],"nameUrl":"Device-cqf-tooling.html","title":"cqf-tooling","generation":"generated"}]},{"extension":[{"url":"http://hl7.org/fhir/tools/StructureDefinition/ig-page-name","valueUrl":"maps.html"}],"nameUrl":"maps.html","title":"Mappings","generation":"markdown"}]}]},"parameter":[{"code":"path-resource","value":"input/actors"},{"code":"path-resource","value":"input/maps"},{"code":"path-resource","value":"input/resources/device"},{"code":"path-resource","value":"input/resources/library"},{"code":"path-resource","value":"input/capabilities"},{"code":"path-resource","value":"input/examples"},{"code":"path-resource","value":"input/extensions"},{"code":"path-resource","value":"input/models"},{"code":"path-resource","value":"input/operations"},{"code":"path-resource","value":"input/profiles"},{"code":"path-resource","value":"input/resources"},{"code":"path-resource","value":"input/vocabulary"},{"code":"path-resource","value":"input/testing"},{"code":"path-resource","value":"input/history"},{"code":"path-resource","value":"fsh-generated/resources"},{"code":"path-pages","value":"template/config"},{"code":"path-pages","value":"input/images"},{"code":"path-tx-cache","value":"input-cache/txcache"}]}}