{"resourceType":"ValueSet","id":"IMMZ.C.DE5","text":{"status":"extensions","div":"<div xmlns=\"http://www.w3.org/1999/xhtml\"><ul><li>Include these codes as defined in <a href=\"CodeSystem-IMMZ.C.html\"><code>http://moh.Patland/ig/smart-immunizations-measles/CodeSystem/IMMZ.C</code></a><table class=\"none\"><tr><td style=\"white-space:nowrap\"><b>Code</b></td><td><b>Display</b></td><td><b>Definition</b></td></tr><tr><td><a href=\"CodeSystem-IMMZ.C.html#IMMZ.C-DE6\">DE6</a></td><td>Male</td><td>Client's biological sex is male</td></tr><tr><td><a href=\"CodeSystem-IMMZ.C.html#IMMZ.C-DE7\">DE7</a></td><td>Female</td><td>Client's biological sex is female</td></tr><tr><td><a href=\"CodeSystem-IMMZ.C.html#IMMZ.C-DE8\">DE8</a></td><td>Biological sex not specified</td><td>Client's biological sex is not specified</td></tr></table></li></ul></div>"},"url":"http://moh.Patland/ig/smart-immunizations-measles/ValueSet/IMMZ.C.DE5","version":"0.1.0","name":"IMMZ_C_DE5","title":"IMMZ.C.DE5 ValueSet for Sex","status":"active","experimental":false,"date":"2023-10-25T14:10:43+00:00","publisher":"MoH PatLand","contact":[{"name":"MoH PatLand","telecom":[{"system":"url","value":"http://who.int"}]}],"description":"ValueSet for Sex for IMMZ.C.DE5.","compose":{"include":[{"system":"http://moh.Patland/ig/smart-immunizations-measles/CodeSystem/IMMZ.C","concept":[{"code":"DE6","display":"Male"},{"code":"DE7","display":"Female"},{"code":"DE8","display":"Biological sex not specified"}]}]}}