{"resourceType":"ValueSet","id":"Negativetestresult-values","text":{"status":"generated","div":"<div xmlns=\"http://www.w3.org/1999/xhtml\"><ul><li>Include these codes as defined in <a href=\"http://www.snomed.org/\"><code>http://snomed.info/sct</code></a><table class=\"none\"><tr><td style=\"white-space:nowrap\"><b>Code</b></td><td><b>Display</b></td></tr><tr><td><a href=\"http://snomed.info/id/260385009\">260385009</a></td><td>Negative (qualifier value)</td></tr></table></li></ul></div>"},"url":"http://moh.Patland/ig/smart-immunizations-measles/ValueSet/Negativetestresult-values","version":"0.1.0","name":"Negativetestresultvalues","title":"Negative Test Results","status":"draft","experimental":false,"date":"2023-10-25T14:10:43+00:00","publisher":"MoH PatLand","contact":[{"name":"MoH PatLand","telecom":[{"system":"url","value":"http://who.int"}]}],"description":"Codes representing negative test result values","immutable":true,"compose":{"include":[{"system":"http://snomed.info/sct","concept":[{"code":"260385009","display":"Negative (qualifier value)"}]}]}}