{
  "resourceType" : "PlanDefinition",
  "id" : "IMMZDTUmbrella",
  "meta" : {
    "profile" : ["http://hl7.org/fhir/uv/cpg/StructureDefinition/cpg-strategydefinition"]
  },
  "text" : {
    "status" : "extensions",
    "div" : "<div xmlns=\"http://www.w3.org/1999/xhtml\"><p><b>Generated Narrative: PlanDefinition</b><a name=\"IMMZDTUmbrella\"> </a></p><div style=\"display: inline-block; background-color: #d9e0e7; padding: 6px; margin: 4px; border: 1px solid #8da1b4; border-radius: 5px; line-height: 60%\"><p style=\"margin-bottom: 0px\">Resource PlanDefinition &quot;IMMZDTUmbrella&quot; </p><p style=\"margin-bottom: 0px\">Profile: <a href=\"https://build.fhir.org/ig/HL7/cqf-recommendations//StructureDefinition-cpg-strategydefinition.html\">CPG Strategy Definition</a></p></div><p><b>CPG Knowledge Capability Extension</b>: computable</p><p><b>url</b>: <code>http://smart.who.int/ig/smart-immunizations-measles/PlanDefinition/IMMZDTUmbrella</code></p><p><b>version</b>: 0.1.0</p><p><b>name</b>: IMMZDTUmbrella</p><p><b>title</b>: IMMZ.DT.Umbrella</p><p><b>type</b>: Workflow Definition <span style=\"background: LightGoldenRodYellow; margin: 4px; border: 1px solid khaki\"> (<a href=\"http://terminology.hl7.org/5.2.0/CodeSystem-plan-definition-type.html\">PlanDefinitionType</a>#workflow-definition)</span></p><p><b>status</b>: draft</p><p><b>experimental</b>: false</p><p><b>date</b>: 2023-10-25 12:09:23+0000</p><p><b>publisher</b>: WHO</p><p><b>contact</b>: WHO: <a href=\"http://who.int\">http://who.int</a></p><p><b>description</b>: If the child or patient has not been given MCV1 (at 9 months) and MCV2 (between 15-18 months) vaccination</p><blockquote><p><b>action</b></p><p><b>title</b>: Check Immunizations</p><p><b>description</b>: Check immunization plan definitions to see what is required.</p><p><b>code</b>: Dispense Medications <span style=\"background: LightGoldenRodYellow; margin: 4px; border: 1px solid khaki\"> (<a href=\"https://build.fhir.org/ig/HL7/cqf-recommendations//CodeSystem-cpg-common-process-cs.html\">CPG Common Process Code System</a>#dispense-medications)</span></p><p><b>selectionBehavior</b>: all</p><h3>Actions</h3><table class=\"grid\"><tr><td style=\"display: none\">-</td><td><b>Title</b></td><td><b>Description</b></td><td><b>Code</b></td><td><b>SelectionBehavior</b></td><td><b>Definition[x]</b></td></tr><tr><td style=\"display: none\">*</td><td>Immunize patient for Measles</td><td>Provide measles immunization</td><td>Dispense Medications <span style=\"background: LightGoldenRodYellow; margin: 4px; border: 1px solid khaki\"> (<a href=\"https://build.fhir.org/ig/HL7/cqf-recommendations//CodeSystem-cpg-common-process-cs.html\">CPG Common Process Code System</a>#dispense-medications)</span></td><td>all</td><td><a href=\"PlanDefinition-IMMZD2DTMeasles.html\">IMMZ.D2.DT.Measles</a></td></tr></table></blockquote></div>"
  },
  "extension" : [{
    "url" : "http://hl7.org/fhir/uv/cpg/StructureDefinition/cpg-knowledgeCapability",
    "valueCode" : "computable"
  }],
  "url" : "http://smart.who.int/ig/smart-immunizations-measles/PlanDefinition/IMMZDTUmbrella",
  "version" : "0.1.0",
  "name" : "IMMZDTUmbrella",
  "title" : "IMMZ.DT.Umbrella",
  "type" : {
    "coding" : [{
      "system" : "http://terminology.hl7.org/CodeSystem/plan-definition-type",
      "code" : "workflow-definition"
    }]
  },
  "status" : "draft",
  "experimental" : false,
  "date" : "2023-10-25T12:09:23+00:00",
  "publisher" : "WHO",
  "contact" : [{
    "name" : "WHO",
    "telecom" : [{
      "system" : "url",
      "value" : "http://who.int"
    }]
  }],
  "description" : "If the child or patient has not been given MCV1 (at 9 months) and MCV2 (between 15-18 months) vaccination",
  "action" : [{
    "title" : "Check Immunizations",
    "description" : "Check immunization plan definitions to see what is required.",
    "code" : [{
      "coding" : [{
        "system" : "http://hl7.org/fhir/uv/cpg/CodeSystem/cpg-common-process-cs",
        "code" : "dispense-medications"
      }]
    }],
    "selectionBehavior" : "all",
    "action" : [{
      "title" : "Immunize patient for Measles",
      "description" : "Provide measles immunization",
      "code" : [{
        "coding" : [{
          "system" : "http://hl7.org/fhir/uv/cpg/CodeSystem/cpg-common-process-cs",
          "code" : "dispense-medications"
        }]
      }],
      "selectionBehavior" : "all",
      "definitionCanonical" : "http://smart.who.int/ig/smart-immunizations-measles/PlanDefinition/IMMZD2DTMeasles"
    }]
  }]
}